"Name","Symbol","Last","Open","High","Low","Chg.","Chg. %","Vol.","Next Earnings Date"
"MaxLinear Inc","MXL.O","16.45","16.41","16.72","16.31","+0.25","+1.54%","875,500","Oct 23, 2025"
"Lithium Americas Corp","LAC","9.040","6.970","9.330","6.910","+2.180","+31.78%","191,312,891","--"
"Semtech Corporation","SMTC.O","72.00","73.00","74.25","71.58","-0.93","-1.28%","1,435,080","Dec 03, 2025"
"CleanSpark Inc","CLSK.O","15.94","15.62","16.55","15.43","+0.80","+5.28%","39,651,973","Dec 17, 2025"
"Marathon Digital Holdings Inc","MARA.O","18.82","19.03","19.61","18.45","+0.03","+0.16%","60,740,840","Nov 05, 2025"
"Riot Platforms","RIOT.O","19.44","19.39","20.80","18.97","+0.19","+0.99%","40,191,810","Nov 11, 2025"
"Robinhood Markets Inc","HOOD.O","148.67","146.82","150.21","145.23","+2.97","+2.04%","34,531,713","Nov 05, 2025"
"IREN Ltd","IREN.O","50.460","47.540","52.185","46.670","+3.440","+7.32%","40,830,093","Dec 02, 2025"
"Terawulf Inc","WULF.O","11.920","11.805","12.500","11.630","+0.340","+2.94%","37,026,767","Nov 17, 2025"
"Knightscope Inc","KSCP.O","6.2200","6.6000","6.8700","6.2000","-0.1800","-2.81%","701,738","--"
"Cipher Mining Inc","CIFR.O","14.700","14.470","15.780","14.280","+0.890","+6.44%","67,183,500","Nov 06, 2025"
"Oklo Inc","OKLO.K","127.36","127.91","130.94","122.77","-1.44","-1.12%","17,441,429","Nov 13, 2025"
"Coinbase Global Inc","COIN.O","380.02","373.35","383.50","370.03","+7.95","+2.14%","13,648,176","Oct 30, 2025"
"Circle Internet Group Inc","CRCL.K","145.78","148.40","156.47","144.14","-3.94","-2.63%","19,333,255","Dec 03, 2025"
"The Trade Desk","TTD.O","51.55","51.05","51.69","50.65","+0.67","+1.32%","11,935,934","Nov 06, 2025"
"MicroStrategy Incorporated","MSTR.O","351.63","350.87","358.54","344.40","-0.70","-0.20%","12,107,918","Nov 04, 2025"
"Applovin Corp","APP.O","682.76","691.02","695.00","673.17","-0.88","-0.13%","4,205,773","Nov 05, 2025"
"Freeport-McMoran Copper & Gold Inc","FCX","39.67","39.65","40.35","38.92","+0.80","+2.06%","23,921,637","Oct 16, 2025"
"Richtech Robotics Inc","RR.O","6.180","5.305","6.300","5.020","+1.020","+19.77%","102,606,439","Dec 03, 2025"
"Roblox Corp","RBLX.K","122.69","125.22","127.99","120.56","-10.81","-8.10%","15,104,312","Oct 30, 2025"
"Bitmine Immersion Technologies Inc","BMNR.K","56.65","57.50","57.82","54.90","+0.15","+0.27%","49,535,300","--"
"Alibaba Group Holdings Ltd ADR","BABA.K","188.03","190.72","191.07","187.14","-1.31","-0.69%","13,990,883","Nov 13, 2025"
"Symbotic Inc","SYM.O","63.100","64.400","65.170","61.700","-0.520","-0.82%","1,913,684","Nov 24, 2025"
"Gemini Space Station Ltd","GEMI.O","24.78","23.31","25.20","23.15","+1.58","+6.81%","3,486,900","--"
"Vertiv Holdings Co","VRT","160.20","161.64","163.88","157.83","-1.44","-0.89%","5,728,509","Oct 22, 2025"
"Micron Technology Inc","MU.O","187.83","185.21","191.85","184.92","+4.08","+2.22%","29,399,259","Dec 17, 2025"
"Hims Hers Health Inc","HIMS.K","52.54","58.00","58.93","52.51","-5.33","-9.21%","35,805,511","Nov 10, 2025"
"PayPal Holdings Inc","PYPL.O","69.25","68.10","69.53","67.75","+0.32","+0.46%","12,219,820","Oct 28, 2025"
"Block Inc","XYZ","76.95","76.69","78.25","76.10","+0.14","+0.18%","5,761,668","Oct 30, 2025"
"Lam Research Corp","LRCX.O","145.81","145.82","147.91","144.60","-1.18","-0.80%","8,970,274","Oct 22, 2025"
"Recursion Pharmaceuticals Inc","RXRX.O","5.49","5.60","5.70","5.34","-0.03","-0.54%","49,126,391","Nov 05, 2025"
"Rocket Lab USA, Inc.","RKLB.O","56.160","52.050","56.939","51.260","+3.690","+7.03%","37,741,857","--"
"Advanced Micro Devices Inc","AMD.O","164.67","170.68","170.68","163.14","-5.06","-2.98%","42,699,147","Nov 04, 2025"
"NVIDIA Corporation","NVDA.O","187.62","189.19","190.36","185.38","-1.27","-0.67%","137,596,896","Nov 19, 2025"
"CoreWeave Inc","CRWV.O","134.79","139.00","140.55","130.80","-3.21","-2.33%","23,405,642","Nov 12, 2025"
"Dell Technologies Inc","DELL.K","140.74","148.26","149.20","140.41","-6.63","-4.50%","6,526,655","Nov 25, 2025"
"Baidu Inc","BIDU.O","142.00","142.20","144.46","141.47","+1.77","+1.26%","4,809,284","Nov 25, 2025"
"Ast Spacemobile Inc","ASTS.O","67.760","65.660","68.800","64.100","+1.600","+2.42%","16,702,103","Nov 17, 2025"
"Twilio Inc","TWLO.K","102.94","105.16","105.16","99.23","-2.48","-2.35%","5,511,562","Oct 30, 2025"
"Serve Robotics Inc","SERV.O","13.12","12.93","13.58","12.57","+0.53","+4.21%","10,611,885","Nov 06, 2025"
"Pagerduty Inc","PD","16.03","16.41","16.75","15.99","-0.44","-2.67%","1,812,022","Dec 04, 2025"
"Archer Aviation Inc","ACHR.K","11.570","10.365","11.590","10.250","+1.390","+13.65%","108,807,035","Nov 06, 2025"
"Constellation Energy Corp","CEG.O","360.00","358.87","376.78","358.69","+2.54","+0.71%","3,355,176","Nov 10, 2025"
"Oscar Health Inc","OSCR.K","21.66","19.82","21.71","19.80","+2.38","+12.34%","33,847,736","Nov 11, 2025"
"Nebius Group NV","NBIS.O","127.98","127.24","132.98","123.60","+2.11","+1.68%","21,351,332","Oct 30, 2025"
"Uber Technologies Inc","UBER.K","96.60","96.95","98.30","96.46","-0.01","-0.01%","10,556,418","Oct 30, 2025"
"Applied Materials Inc","AMAT.O","217.53","219.91","220.50","215.60","-6.06","-2.71%","9,269,817","Nov 13, 2025"
"Lululemon Athletica Inc","LULU.O","175.59","178.11","179.11","175.52","-2.61","-1.46%","3,017,932","Dec 04, 2025"
"Tempus AI Inc","TEM.O","91.66","89.65","94.00","88.88","+2.36","+2.64%","9,313,419","Nov 06, 2025"
"Astera Labs Inc","ALAB.O","200.74","212.50","214.29","198.28","-8.86","-4.23%","5,188,079","Nov 10, 2025"
"Lockheed Martin Corporation","LMT","504.49","499.42","506.81","499.25","+5.13","+1.03%","1,006,534","Oct 21, 2025"
"Lennar Corporation","LEN","130.07","128.32","130.83","128.30","+1.74","+1.36%","2,026,727.9999999998","Dec 10, 2025"
"C3.ai Inc","AI","19.16","18.56","19.27","18.32","+0.92","+5.04%","14,946,189","Dec 03, 2025"
"AIRO Group Holdings Inc","AIRO.O","19.41","19.98","20.88","19.10","-0.37","-1.87%","1,667,947","Dec 03, 2025"
"Applied Digital Corp","APLD.O","26.530","26.801","27.370","25.264","+0.060","+0.23%","26,999,923","Oct 09, 2025"
"Occidental Petroleum Corporation","OXY","44.85","44.97","45.33","44.57","+0.62","+1.40%","17,360,502","Nov 18, 2025"
"USA Rare Earth Inc","USAR.O","25.96","26.09","28.25","25.01","+3.25","+14.31%","41,452,643","Dec 03, 2025"
"Take-Two Interactive Software Inc","TTWO.O","257.68","256.67","261.09","255.51","+0.74","+0.29%","1,728,474","Nov 06, 2025"
"American Airlines Group","AAL.O","11.58","11.53","11.63","11.37","+0.15","+1.31%","76,751,064","Oct 16, 2025"
"Lucid Group Inc","LCID.O","24.770","24.140","25.065","23.650","+0.670","+2.78%","11,207,224","Nov 11, 2025"
"Super Micro Computer Inc","SMCI.O","51.96","52.74","53.51","50.80","-0.54","-1.03%","32,220,401.000000004","Nov 04, 2025"
"Walt Disney Company","DIS","112.47","112.04","113.57","111.56","+0.33","+0.29%","7,148,378","Nov 13, 2025"
"Salesforce Inc","CRM","240.36","238.75","242.81","238.50","+1.48","+0.62%","8,849,786","Dec 09, 2025"
"Palantir Technologies Inc","PLTR.O","173.07","186.40","186.84","170.77","-13.98","-7.47%","105,533,447","Nov 10, 2025"
"Johnson & Johnson","JNJ","188.64","187.06","189.78","186.91","+2.66","+1.43%","8,675,087","Oct 14, 2025"
"Taiwan Semiconductor Manufacturing","TSM","292.19","292.86","296.06","290.49","+4.08","+1.42%","10,572,491","Oct 16, 2025"
"Snowflake Inc","SNOW.K","235.09","242.50","242.50","233.24","-5.45","-2.27%","4,073,676","Nov 26, 2025"
"Microsoft Corporation","MSFT.O","517.35","517.10","520.49","515.00","+1.61","+0.31%","15,112,321","Oct 28, 2025"
"Amazon.com Inc","AMZN.O","219.51","223.44","224.20","219.34","-2.90","-1.30%","43,639,033","Oct 23, 2025"
"Arista Networks","ANET.K","145.50","146.01","149.09","144.10","+1.04","+0.72%","7,178,623","Nov 03, 2025"
"Tesla Inc","TSLA.O","429.83","443.29","446.77","416.58","-6.17","-1.42%","133,188,180","Oct 22, 2025"
"Arm Holdings ADR","ARM.O","152.64","152.88","154.55","150.66","+0.49","+0.32%","2,533,633","Nov 05, 2025"
"Figma Inc","FIG","53.04","52.50","56.09","52.33","+1.13","+2.18%","11,308,971","Dec 03, 2025"
"Visa Inc Class A","V","349.84","346.11","353.16","346.00","+3.89","+1.12%","5,199,681","Oct 28, 2025"
"Toll Brothers Inc","TOL","142.72","140.09","143.49","139.79","+3.17","+2.27%","1,009,386","Dec 15, 2025"
"Workday Inc","WDAY.O","236.48","232.35","237.72","230.81","+4.38","+1.89%","2,305,904","Dec 02, 2025"
"PDD Holdings Inc DRC","PDD.O","134.25","135.48","135.63","132.58","-0.99","-0.73%","7,003,195","Nov 21, 2025"
"Unity Software Inc","U","37.89","39.47","39.72","37.15","-1.21","-3.09%","11,158,859","Nov 06, 2025"
"Morgan Stanley","MS","157.59","156.93","157.80","156.16","+2.29","+1.47%","5,182,306","Oct 15, 2025"
"Pfizer Inc","PFE","27.37","27.20","27.69","27.04","+0.29","+1.07%","70,524,014","Nov 04, 2025"
"Voyager Technologies Inc","VOYG.K","31.69","32.41","33.75","31.45","-0.36","-1.12%","1,028,372","Dec 03, 2025"
"Goldman Sachs Group Inc","GS","789.98","783.00","794.92","777.86","+10.60","+1.36%","1,470,517","Oct 14, 2025"
"Reddit Inc","RDDT.K","207.20","212.02","213.38","205.41","+6.28","+3.13%","8,463,205","Nov 04, 2025"
"Bullish Inc","BLSH.K","64.81","68.08","69.28","64.53","-3.10","-4.56%","4,661,125","Dec 03, 2025"
"Nuscale Power Corp","SMR","40.120","39.370","41.250","38.670","+0.610","+1.54%","17,498,447","Nov 06, 2025"
"Meta Platforms Inc","META.O","710.56","729.63","731.00","710.18","-16.49","-2.27%","16,154,305","Oct 29, 2025"
"Eli Lilly and Company","LLY","839.87","824.94","848.13","816.10","+20.02","+2.44%","5,088,509","Oct 30, 2025"
"Luckin Coffee","LKNCY.PK","40.89","39.00","40.99","38.61","+1.41","+3.57%","3,445,657","Oct 29, 2025"
"Affirm Holdings Inc","AFRM.O","74.83","77.93","78.01","74.38","-2.60","-3.36%","5,873,961","Nov 05, 2025"
"Intuitive Surgical Inc","ISRG.O","452.35","443.85","456.59","443.49","+9.34","+2.11%","2,197,723","Oct 16, 2025"
"Nike Inc","NKE","71.93","74.78","74.78","71.92","-2.64","-3.54%","18,794,866","Dec 18, 2025"
"Fortinet Inc","FTNT.O","85.79","86.80","87.24","85.54","-0.50","-0.58%","4,247,437","Nov 05, 2025"
"Unitedhealth Group","UNH","360.20","357.25","368.00","356.61","+6.48","+1.83%","13,494,786","Oct 28, 2025"
"Grab Holdings Ltd","GRAB.O","6.160","6.120","6.220","6.060","+0.110","+1.82%","50,405,560","Nov 18, 2025"
"Nextera Energy Inc","NEE","80.06","78.45","81.36","77.65","+1.88","+2.40%","12,116,576","Oct 22, 2025"
"Oracle Corporation","ORCL.K","286.14","289.60","294.64","284.00","-2.64","-0.91%","13,688,407","Dec 15, 2025"
"James Hardie Industries PLC ADR","JHX","20.41","19.75","20.57","19.67","+0.69","+3.50%","12,956,130","Nov 10, 2025"
"Marvell Technology Inc","MRVL.O","86.22","86.28","87.27","85.08","+0.02","+0.02%","15,679,214","Nov 27, 2025"
"Alphabet Inc Class A","GOOGL.O","245.35","244.49","246.30","241.66","-0.34","-0.14%","30,249,559","Oct 28, 2025"
"JPMorgan Chase & Co","JPM","310.03","308.51","311.66","308.21","+2.48","+0.81%","6,029,854","Oct 14, 2025"
"Novo Nordisk A/S","NVO","59.63","59.00","60.10","58.45","+0.89","+1.52%","15,362,866","Nov 05, 2025"
"Netflix Inc","NFLX.O","1,153.32","1,165.00","1,168.00","1,143.22","-9.21","-0.79%","3,137,365","Oct 21, 2025"
"Apple Inc","AAPL.O","258.02","254.67","259.24","253.95","+0.89","+0.35%","49,155,614","Oct 23, 2025"
"SoundHound AI Inc","SOUN.O","17.850","18.090","19.100","17.290","+0.010","+0.06%","74,999,229","Nov 06, 2025"
"Newmont Goldcorp Corp","NEM","86.86","86.17","87.39","85.90","+0.43","+0.50%","7,791,672","Oct 23, 2025"
"Walmart Inc","WMT","102.07","101.46","102.82","101.20","+0.37","+0.36%","11,867,483","Nov 20, 2025"
"Broadcom Inc","AVGO.O","338.37","341.50","344.40","335.74","+0.19","+0.06%","14,749,068","Dec 11, 2025"
"Vistra Energy Corp","VST","201.99","204.35","210.20","201.50","-0.66","-0.33%","5,306,939","Nov 05, 2025"
"SoFi Technologies Inc.","SOFI.O","25.24","26.10","26.18","24.84","-0.73","-2.81%","78,751,668","Oct 28, 2025"
"Barrick Mining Corp","B","33.95","33.96","34.11","33.67","+0.03","+0.09%","11,800,902","--"
"Qualcomm Incorporated","QCOM.O","169.18","168.85","171.75","168.74","+0.33","+0.20%","5,137,913","Nov 05, 2025"
"MP Materials Corp","MP","71.50","72.00","75.60","70.33","+0.54","+0.76%","14,675,515","Oct 30, 2025"
"Rivian Automotive Inc","RIVN.O","13.65","13.53","13.73","13.22","+0.12","+0.89%","45,879,652","Nov 04, 2025"
"NioCorp Developments Ltd","NB.O","7.9400","7.1800","8.3700","7.0680","+1.1800","+17.46%","16,477,958","--"
"D Wave Quantum Inc","QBTS.K","32.700","30.600","33.280","29.950","+3.490","+11.95%","89,971,277","Nov 06, 2025"
"Boeing Co","BA","216.30","216.75","218.83","215.25","-1.13","-0.52%","6,634,085","Oct 29, 2025"
"Churchill Capital Corp X","CCCX.O","14.450","13.820","14.900","13.500","+1.150","+8.65%","7,131,062","--"
"Exxon Mobil Corp","XOM","113.26","111.90","113.75","111.90","+1.97","+1.77%","12,950,118","Oct 24, 2025"
"BigBearai Holdings Inc","BBAI.K","7.190","7.330","7.370","6.900","-0.080","-1.10%","87,622,302","Nov 05, 2025"
"Intel Corporation","INTC.O","36.83","37.95","38.08","36.45","-0.47","-1.26%","125,359,342","Oct 23, 2025"
"Klarna Group PLC","KLAR.K","40.69","42.91","43.74","40.54","-0.05","-0.12%","4,851,240","Dec 03, 2025"
"Energy Fuels Inc","UUUU.K","16.520","17.060","17.850","16.030","-0.300","-1.78%","24,417,170","Oct 31, 2025"
"Rigetti Computing Inc","RGTI.O","40.060","36.990","40.630","35.750","+4.660","+13.16%","155,531,229","Nov 18, 2025"
"Opendoor Technologies Inc","OPEN.O","8.110","8.000","8.830","7.920","+0.100","+1.25%","240,458,581","Nov 06, 2025"
"Plug Power Inc","PLUG.O","3.810","3.220","3.950","3.200","+0.980","+34.63%","499,502,112","Nov 11, 2025"
"IONQ Inc","IONQ.K","73.28","70.59","73.76","68.35","+3.68","+5.29%","37,681,777","Nov 17, 2025"
"Quantum Computing Inc","QUBT.O","24.6200","21.7500","25.8400","20.9102","+4.6400","+23.22%","118,439,619","Nov 17, 2025"
"Figure Technology Solutions Ltd","FIGR.O","40.30","41.20","42.50","39.55","-0.98","-2.37%","2,596,304","--"
"Upstart Holdings Inc","UPST.O","51.96","53.32","53.59","51.79","-0.92","-1.74%","5,283,125","Nov 11, 2025"
