symbol,Name,date,close,change_1d,rsi,macd,macd_signal,macd_hist,bb_mid,bb_upper,bb_lower,bb_pctb,bb_bandwidth,support,resistance,hi_52w,lo_52w,td_last_buy9_date,td_last_sell9_date,td_buy_perfected,td_sell_perfected,td_curr_buy_count,td_curr_sell_count,td_last_signal,tags,local_score,llm_stance,llm_score,llm_summary,final_score,final_decision
AAL,American Airlines Group,2025-11-21,12.87,5.15,45.52,0.01,0.12,-0.11,12.95,13.77,12.12,0.45,0.13,12.86,12.94,18.66,9.07,2025-09-29,2025-05-06,True,True,0,1,BUY9,RSI_neutral MACD_bearish inside_bands on_support near_resistance TD_recent_buy9 TD_buy_perfected TD_sell_perfected,0,NEUTRAL,0.0,"AAL is currently at support near 12.8600 and close to resistance at 12.9400, with an RSI of 45.52 indicating neutral momentum. The MACD is bearish, while the TD indicator shows a recent buy signal, suggesting mixed signals in the trend.",0.0,Hold
AAPL,Apple Inc,2025-11-21,271.49,1.97,54.69,3.11,4.17,-1.06,270.07,274.4,265.75,0.66,0.03,269.05,275.25,275.25,172.42,2025-01-13,2025-10-28,True,True,0,1,SELL9,RSI_neutral MACD_bearish inside_bands bollinger_squeeze near_52w_high on_support near_resistance TD_recent_sell9 TD_buy_perfected TD_sell_perfected,-5,NEUTRAL,0.0,"AAPL is currently near its 52-week high and on support at 269.05, with a close of 271.49. The RSI is neutral at 54.69, while the MACD shows bearish momentum. The Bollinger Bands indicate a squeeze, suggesting potential volatility ahead.",-0.4,Sell
ACHR,Archer Aviation Inc,2025-11-21,7.18,4.51,21.97,-0.98,-0.78,-0.2,9.04,12.02,6.07,0.19,0.66,7.14,7.2,13.64,5.06,2025-11-11,2025-09-24,False,True,8,0,BUY9,RSI_oversold MACD_bearish inside_bands high_volatility_bandwidth on_support near_resistance TD_recent_buy9 TD_sell_perfected TD_buy_count_8,0,BEARISH,-2.0,"The RSI indicates oversold conditions at 21.97, while the MACD remains bearish. Price is near support at 7.1400 and resistance at 7.2000, with the TD sequential showing a recent buy signal but overall momentum is weak.",-0.6,Sell
AFRM,Affirm Holdings Inc,2025-11-21,64.38,2.94,40.25,-2.52,-1.63,-0.88,71.02,79.86,62.18,0.12,0.25,64.05,67.96,92.18,35.75,2025-03-04,2025-09-04,True,False,7,0,SELL9,RSI_neutral MACD_bearish inside_bands on_support TD_recent_sell9 TD_buy_perfected TD_buy_count_7,-2,BEARISH,-1.0,"The momentum is bearish with the MACD below its signal line and a negative histogram. The RSI indicates neutral conditions, while the price is near support at 64.0500, with resistance at 67.9600. The TD indicator shows a recent sell signal, suggesting caution.",-0.57,Sell
AI,C3.ai Inc,2025-11-21,13.63,6.07,28.2,-1.19,-1.0,-0.19,15.5,18.83,12.16,0.22,0.43,13.44,13.74,42.94,12.85,2025-08-05,2025-09-22,False,True,0,1,SELL9,RSI_oversold MACD_bearish inside_bands high_volatility_bandwidth near_52w_low on_support near_resistance TD_recent_sell9 TD_sell_perfected,-3,BEARISH,-2.0,"The stock is showing bearish momentum with an RSI of 28.2 indicating oversold conditions, and a MACD below its signal line. It is currently near support at 13.4400 and resistance at 13.7400, while trading within Bollinger Bands, suggesting high volatility.",-1.0,Strong Sell
AIRO,AIRO Group Holdings Inc,2025-11-21,7.99,1.65,10.03,-2.48,-1.99,-0.49,13.18,19.16,7.2,0.07,0.91,7.86,10.33,31.0,7.86,2025-11-11,,False,False,7,0,BUY9,RSI_oversold MACD_bearish near_lower_band high_volatility_bandwidth near_52w_low on_support TD_recent_buy9 TD_buy_count_7,4,BEARISH,-2.0,"The RSI indicates oversold conditions at 10.03, while the MACD remains bearish. The price is near the lower Bollinger Band and 52-week low, with support at 7.86 and resistance at 10.33, suggesting weakness in the trend.",-0.2,Hold
ALAB,Astera Labs Inc,2025-11-21,141.8,1.8,21.35,-11.48,-9.7,-1.78,162.07,195.39,128.75,0.2,0.41,139.52,142.01,251.88,52.94,2025-11-18,2025-11-04,False,False,0,1,BUY9,RSI_oversold MACD_bearish inside_bands high_volatility_bandwidth on_support near_resistance TD_recent_buy9,1,BEARISH,-2.0,"The RSI indicates oversold conditions at 21.35, while the MACD remains bearish with a significant negative divergence. Price is near support at 139.52 and resistance at 142.01, with the Bollinger Bands suggesting high volatility.",-0.47,Sell
AMAT,Applied Materials Inc,2025-11-21,224.01,1.72,42.2,1.79,3.82,-2.03,230.48,240.64,220.33,0.18,0.09,223.23,227.72,240.89,126.95,2025-05-29,2025-09-30,False,True,2,0,SELL9,RSI_neutral MACD_bearish inside_bands on_support near_resistance TD_recent_sell9 TD_sell_perfected,-5,BEARISH,-1.0,"AMAT shows bearish momentum with an RSI of 42.2 and a MACD histogram below zero, indicating weakening momentum. The price is near support at 223.23 and resistance at 227.72, while the TD indicator has recently signaled a sell. The stock is trading within Bollinger Bands, suggesting limited volatility.",-0.7,Sell
AMD,Advanced Micro Devices Inc,2025-11-21,203.78,-1.09,28.85,-1.16,6.12,-7.28,243.48,277.13,209.83,-0.09,0.28,172.28,235.56,264.33,78.21,2024-12-18,2025-10-09,True,True,4,0,SELL9,RSI_oversold MACD_bearish near_lower_band high_volatility_bandwidth TD_recent_sell9 TD_buy_perfected TD_sell_perfected,-2,BEARISH,-2.0,"AMD shows strong bearish momentum with an RSI indicating oversold conditions at 28.85 and a MACD below zero. The price is near the lower Bollinger Band, with support at 172.28 and resistance at 235.56, while the TD indicator has recently signaled a sell.",-0.87,Strong Sell
AMZN,Amazon.com Inc,2025-11-21,220.69,1.63,19.48,-1.18,2.2,-3.38,236.22,258.93,213.52,0.16,0.19,219.92,222.03,254.0,167.32,2025-03-12,2025-06-06,False,True,7,0,SELL9,RSI_oversold MACD_bearish inside_bands on_support near_resistance TD_recent_sell9 TD_sell_perfected TD_buy_count_7,-4,BEARISH,-2.0,"AMZN shows strong bearish momentum with an RSI indicating oversold conditions at 19.48 and a MACD below zero. The price is near support at 219.92 and resistance at 222.03, while the TD indicator has recently signaled a sell.",-1.0,Strong Sell
ANET,Arista Networks,2025-11-21,117.43,-1.81,11.09,-7.24,-4.72,-2.53,139.67,168.22,111.11,0.11,0.41,109.78,120.35,162.03,64.37,2025-03-13,2025-10-30,False,True,7,0,SELL9,RSI_oversold MACD_bearish inside_bands high_volatility_bandwidth TD_recent_sell9 TD_sell_perfected TD_buy_count_7,-4,BEARISH,-2.0,"The stock is in a strong bearish trend with an RSI indicating oversold conditions at 11.09 and a MACD showing significant negative momentum. The price is below the Bollinger Bands' midline, with support at 109.78 and resistance at 120.35, while the TD indicator has recently signaled a sell.",-1.0,Strong Sell
APLD,Applied Digital Corp,2025-11-21,21.09,-1.31,18.06,-2.23,-1.0,-1.23,28.76,38.69,18.83,0.11,0.69,15.95,23.09,37.76,3.44,2025-06-23,2025-10-13,True,True,2,0,SELL9,RSI_oversold MACD_bearish inside_bands high_volatility_bandwidth TD_recent_sell9 TD_buy_perfected TD_sell_perfected,-3,BEARISH,-2.0,"The stock is in a strong bearish trend with an RSI indicating oversold conditions at 18.06 and a MACD showing significant bearish momentum. The price is below the Bollinger Bands' midline, with support at 15.95 and resistance at 23.09, while the TD indicator has recently signaled a sell.",-1.0,Strong Sell
APP,Applovin Corp,2025-11-21,520.26,-0.11,23.51,-21.81,-11.21,-10.6,591.98,681.0,502.96,0.1,0.3,490.24,530.05,718.54,219.37,2025-11-21,2025-09-17,True,True,8,0,BUY9,RSI_oversold MACD_bearish near_lower_band high_volatility_bandwidth near_resistance TD_recent_buy9 TD_buy_perfected TD_sell_perfected TD_buy_count_8,1,BEARISH,-2.0,"The RSI indicates oversold conditions at 23.51, while the MACD remains bearish with a significant negative histogram. The price is near the lower Bollinger Band at 515.25, with support at 490.24 and resistance at 530.05, suggesting a lack of upward momentum.",-0.47,Sell
ARM,Arm Holdings ADR,2025-11-21,131.57,-0.72,8.68,-7.43,-4.53,-2.91,153.42,182.18,124.66,0.12,0.37,131.42,133.45,179.93,85.82,2025-11-11,2025-07-28,False,True,8,0,BUY9,RSI_oversold MACD_bearish inside_bands high_volatility_bandwidth on_support near_resistance TD_recent_buy9 TD_sell_perfected TD_buy_count_8,0,BEARISH,-2.0,"The RSI indicates oversold conditions at 8.68, while the MACD shows strong bearish momentum. The price is near support at 131.42 and resistance at 133.45, with the TD signal suggesting a recent buy but overall trend remains negative.",-0.6,Sell
ASTS,Ast Spacemobile Inc,2025-11-21,51.37,1.32,19.89,-4.69,-2.42,-2.28,66.95,84.87,49.04,0.07,0.54,50.7,52.57,95.69,17.72,2025-11-13,2025-10-13,True,True,8,0,BUY9,RSI_oversold MACD_bearish near_lower_band high_volatility_bandwidth on_support TD_recent_buy9 TD_buy_perfected TD_sell_perfected TD_buy_count_8,3,BEARISH,-2.0,"The RSI indicates oversold conditions at 19.89, while the MACD remains bearish. The price is near the lower Bollinger Band and on support at 50.70, with resistance at 52.57, suggesting a lack of upward momentum.",-0.2,Hold
AVGO,Broadcom Inc,2025-11-21,340.2,-1.91,38.12,-1.37,0.73,-2.1,355.91,381.04,330.78,0.19,0.14,339.98,342.65,385.98,146.29,2025-09-26,2025-07-18,True,True,1,0,BUY9,RSI_neutral MACD_bearish inside_bands on_support near_resistance TD_recent_buy9 TD_buy_perfected TD_sell_perfected,0,BEARISH,-1.0,"AVGO shows bearish momentum with an RSI of 38.12 and a MACD indicating downward pressure. The price is near support at 339.98 and resistance at 342.65, while trading within Bollinger Bands, suggesting limited volatility.",-0.3,Sell
B,Barrick Mining Corp,2025-11-21,36.55,1.53,64.31,1.23,1.06,0.18,34.56,38.96,30.15,0.73,0.26,36.42,37.03,37.74,15.23,2025-05-02,2025-11-19,True,True,2,0,SELL9,RSI_neutral MACD_bullish inside_bands high_volatility_bandwidth on_support near_resistance TD_recent_sell9 TD_buy_perfected TD_sell_perfected,0,NEUTRAL,0.0,"The stock is currently on support at 36.4200 and near resistance at 37.0300, with an RSI of 64.31 indicating potential overbought conditions. The MACD is bullish, but the TD indicator shows a recent sell signal, suggesting mixed signals in the current trend.",0.0,Hold
BA,Boeing Co,2025-11-21,179.7,0.18,4.44,-8.08,-6.66,-1.42,197.66,220.32,175.0,0.1,0.23,179.38,182.3,237.38,136.59,2025-11-21,2025-07-07,True,True,8,0,BUY9,RSI_oversold MACD_bearish inside_bands on_support near_resistance TD_recent_buy9 TD_buy_perfected TD_sell_perfected TD_buy_count_8,1,BEARISH,-2.0,"The RSI indicates oversold conditions at 4.44, while the MACD remains bearish. The price is near support at 179.38 and resistance at 182.30, with the TD signal showing a recent buy but overall momentum is weak.",-0.47,Sell
BABA,Alibaba Group Holdings Ltd ADR,2025-11-21,152.93,-0.23,30.1,-3.59,-2.22,-1.37,164.6,180.82,148.39,0.14,0.2,143.93,155.44,189.34,80.53,2025-05-28,2025-10-28,True,True,3,0,SELL9,RSI_neutral MACD_bearish inside_bands near_resistance TD_recent_sell9 TD_buy_perfected TD_sell_perfected,-5,BEARISH,-2.0,"BABA shows bearish momentum with an RSI of 30.1 indicating oversold conditions, while the MACD is negative and below its signal line. The price is near resistance at 155.44, with support at 143.93, and the TD indicator has recently signaled a sell.",-1.0,Strong Sell
BBAI,BigBearai Holdings Inc,2025-11-21,5.4,-2.0,41.88,-0.33,-0.26,-0.07,6.18,7.29,5.07,0.15,0.36,5.3,5.5,9.78,2.09,2025-11-11,2025-09-24,False,True,5,0,BUY9,RSI_neutral MACD_bearish inside_bands high_volatility_bandwidth on_support near_resistance TD_recent_buy9 TD_sell_perfected TD_buy_count_5,-1,NEUTRAL,0.0,"The stock is currently on support at 5.3000 and near resistance at 5.5000, with an RSI of 41.88 indicating neutral momentum. The MACD is bearish, while the TD indicator shows a recent buy signal, suggesting mixed signals in the current trend.",-0.13,Hold
BIDU,Baidu Inc,2025-11-21,110.95,0.45,38.58,-2.9,-1.19,-1.71,122.32,135.17,109.46,0.06,0.21,110.45,117.14,144.91,76.86,2025-04-09,2025-09-18,True,True,7,0,SELL9,RSI_neutral MACD_bearish near_lower_band on_support TD_recent_sell9 TD_buy_perfected TD_sell_perfected TD_buy_count_7,-2,BEARISH,-2.0,"The momentum is bearish with the RSI at 38.58 and MACD indicating downward pressure. The price is near the lower Bollinger Band and on support at 110.45, while the TD indicator shows a recent sell signal, suggesting continued weakness.",-0.87,Strong Sell
BLSH,Bullish Inc,2025-11-21,38.6,5.75,28.77,-5.23,-4.8,-0.44,45.02,57.11,32.93,0.23,0.54,36.75,45.5,74.63,36.39,2025-10-22,,True,False,0,1,BUY9,RSI_oversold MACD_bearish inside_bands high_volatility_bandwidth TD_recent_buy9 TD_buy_perfected,2,BEARISH,-2.0,"The momentum is bearish with an RSI indicating oversold conditions at 28.77 and a MACD below zero. The price is near support at 36.75, while resistance is at 45.5, and the Bollinger Bands suggest high volatility.",-0.33,Sell
BMNR,Bitmine Immersion Technologies Inc,2025-11-21,26.0,-0.08,24.42,-5.91,-4.64,-1.27,39.26,54.8,23.73,0.07,0.79,4.75,32.28,135.0,4.26,2025-08-27,,True,False,7,0,BUY9,RSI_oversold MACD_bearish near_lower_band high_volatility_bandwidth TD_recent_buy9 TD_buy_perfected TD_buy_count_7,3,BEARISH,-2.0,"The momentum is strongly bearish with an RSI indicating oversold conditions at 24.42 and a MACD below its signal line. The price is near the lower Bollinger Band, suggesting high volatility, while support is at 4.7500 and resistance at 32.2800.",-0.2,Hold
CCCX,Churchill Capital Corp X,2025-11-21,13.37,1.06,34.37,-1.04,-0.45,-0.6,17.03,21.43,12.64,0.08,0.52,13.34,13.5,25.95,10.1,2025-11-21,2025-10-15,True,True,8,0,BUY9,RSI_neutral MACD_bearish near_lower_band high_volatility_bandwidth on_support near_resistance TD_recent_buy9 TD_buy_perfected TD_sell_perfected TD_buy_count_8,1,NEUTRAL,0.0,"The momentum is weak with an RSI of 34.38 and a bearish MACD. The price is near support at 13.3400 and resistance at 13.5000, while trading within a high volatility bandwidth, indicating indecision in the market.",0.13,Hold
CEG,Constellation Energy Corp,2025-11-21,338.11,-2.22,31.65,-6.21,-3.69,-2.51,360.54,398.57,322.5,0.21,0.21,336.65,338.57,403.95,170.96,2025-11-11,2025-10-13,False,True,1,0,BUY9,RSI_neutral MACD_bearish inside_bands on_support near_resistance TD_recent_buy9 TD_sell_perfected,-1,BEARISH,-2.0,"The momentum is bearish with an RSI of 31.65 and a MACD indicating downward pressure. The price is near support at 336.65 and resistance at 338.57, while the Bollinger Bands suggest the price is inside the bands, indicating limited volatility.",-0.73,Sell
CIFR,Cipher Mining Inc,2025-11-21,14.15,-2.82,18.23,-0.87,-0.04,-0.83,18.37,24.85,11.89,0.17,0.71,12.59,14.62,24.71,2.1,2025-11-19,2025-10-13,False,True,1,0,BUY9,RSI_oversold MACD_bearish inside_bands high_volatility_bandwidth TD_recent_buy9 TD_sell_perfected,0,BEARISH,-2.0,"The RSI indicates oversold conditions at 18.23, while the MACD remains bearish. The price is below the Bollinger Bands' midline, with support at 12.59 and resistance at 14.62, suggesting a weak trend.",-0.6,Sell
CLSK,CleanSpark Inc,2025-11-21,9.73,-0.51,7.98,-1.93,-1.28,-0.66,14.57,21.28,7.86,0.14,0.92,9.7,9.82,23.2,6.72,2025-11-11,2025-10-09,True,True,8,0,BUY9,RSI_oversold MACD_bearish inside_bands high_volatility_bandwidth on_support near_resistance TD_recent_buy9 TD_buy_perfected TD_sell_perfected TD_buy_count_8,1,BEARISH,-2.0,"The RSI indicates oversold conditions at 7.98, while the MACD remains bearish. The price is near support at 9.70 and resistance at 9.82, with the TD signal showing a recent buy but overall momentum is weak.",-0.47,Sell
COIN,Coinbase Global Inc,2025-11-21,240.41,0.94,22.82,-23.84,-16.68,-7.16,302.68,374.91,230.46,0.07,0.48,238.16,256.63,419.78,151.47,2025-08-04,2025-10-09,True,False,7,0,SELL9,RSI_oversold MACD_bearish near_lower_band high_volatility_bandwidth on_support TD_recent_sell9 TD_buy_perfected TD_buy_count_7,0,BEARISH,-2.0,"The RSI indicates oversold conditions at 22.82, while the MACD remains bearish with a significant negative histogram. The price is near the lower Bollinger Band and support at 238.16, with resistance at 256.63, suggesting continued downward pressure.",-0.6,Sell
CRCL,Circle Internet Group Inc,2025-11-21,71.33,6.57,15.32,-16.15,-13.23,-2.92,101.01,147.51,54.52,0.18,0.92,66.93,76.6,263.45,66.93,2025-11-11,2025-10-09,False,False,8,0,BUY9,RSI_oversold MACD_bearish inside_bands high_volatility_bandwidth near_52w_low TD_recent_buy9 TD_buy_count_8,2,BEARISH,-2.0,"The RSI indicates oversold conditions at 15.32, while the MACD remains bearish with a significant negative histogram. Price is near the 52-week low of 66.93, with support at this level and resistance at 76.60, suggesting a weak trend overall.",-0.33,Sell
CRM,Salesforce Inc,2025-11-21,227.11,0.77,20.32,-5.29,-2.73,-2.56,244.65,266.15,223.15,0.09,0.18,225.37,237.03,367.87,225.37,2025-09-16,2025-07-29,True,True,5,0,BUY9,RSI_oversold MACD_bearish near_lower_band near_52w_low on_support TD_recent_buy9 TD_buy_perfected TD_sell_perfected TD_buy_count_5,4,BEARISH,-2.0,"The RSI indicates oversold conditions at 20.32, while the MACD remains bearish. The price is near the lower Bollinger Band and 52-week low, with support at 225.37 and resistance at 237.03, suggesting a weak trend.",-0.2,Hold
CRWV,CoreWeave Inc,2025-11-21,71.65,3.53,6.47,-15.15,-11.93,-3.22,102.21,151.81,52.6,0.19,0.97,69.21,74.92,183.58,35.42,2025-11-11,2025-09-18,True,False,8,0,BUY9,RSI_oversold MACD_bearish inside_bands high_volatility_bandwidth TD_recent_buy9 TD_buy_perfected TD_buy_count_8,2,BEARISH,-2.0,"The RSI indicates oversold conditions at 6.47, while the MACD remains bearish with a significant negative histogram. Price is near support at 69.21, with resistance at 74.92, and the Bollinger Bands suggest high volatility.",-0.33,Sell
DELL,Dell Technologies Inc,2025-11-21,122.51,4.35,13.94,-7.74,-4.28,-3.47,143.55,175.73,111.37,0.17,0.45,122.48,122.69,164.88,71.63,2025-11-12,2025-10-10,True,False,0,1,BUY9,RSI_oversold MACD_bearish inside_bands high_volatility_bandwidth on_support near_resistance TD_recent_buy9 TD_buy_perfected,2,BEARISH,-2.0,"The RSI indicates oversold conditions at 13.94, while the MACD remains bearish. The price is near support at 122.4800 and resistance at 122.6900, with the TD signal showing a recent buy but overall momentum is weak.",-0.33,Sell
DIS,Walt Disney Company,2025-11-21,104.28,1.54,34.0,-2.12,-1.29,-0.83,109.78,117.13,102.44,0.13,0.13,102.7,106.28,124.01,81.72,2025-10-13,2025-05-15,True,True,7,0,BUY9,RSI_neutral MACD_bearish inside_bands on_support near_resistance TD_recent_buy9 TD_buy_perfected TD_sell_perfected TD_buy_count_7,0,BEARISH,-1.0,"The momentum is bearish with an RSI of 34 and a MACD indicating downward pressure. The price is near support at 102.7000, while resistance is at 106.2800, and the TD indicator shows a recent buy signal but lacks strong bullish momentum.",-0.3,Sell
FCX,Freeport-McMoran Copper & Gold Inc,2025-11-21,39.87,0.61,45.38,-0.36,-0.33,-0.02,40.57,42.51,38.64,0.32,0.1,39.86,40.21,47.21,29.15,2025-04-08,2025-10-10,True,True,0,1,SELL9,RSI_neutral MACD_bearish inside_bands on_support near_resistance TD_recent_sell9 TD_buy_perfected TD_sell_perfected,-4,NEUTRAL,0.0,"FCX is currently at support near 39.8600 and close to resistance at 40.2100, with an RSI of 45.38 indicating neutral momentum. The MACD is bearish, and the TD indicator shows a recent sell signal, suggesting caution in the current trend.",-0.4,Sell
FIG,Figma Inc,2025-11-21,34.31,2.2,14.89,-5.44,-4.73,-0.71,43.62,55.29,31.96,0.1,0.53,33.57,44.48,122.0,33.57,2025-11-06,,True,False,8,0,BUY9,RSI_oversold MACD_bearish inside_bands high_volatility_bandwidth near_52w_low TD_recent_buy9 TD_buy_perfected TD_buy_count_8,3,BEARISH,-2.0,"The RSI indicates oversold conditions at 14.89, while the MACD remains bearish. The price is near the 52-week low of 33.57, with support at this level and resistance at 44.48, suggesting a weak trend overall.",-0.2,Hold
FIGR,Figure Technology Solutions Ltd,2025-11-21,34.8,-2.27,37.97,-0.9,-0.6,-0.29,38.69,44.02,33.36,0.13,0.28,34.59,37.31,49.17,31.11,2025-10-22,,False,False,2,0,BUY9,RSI_neutral MACD_bearish inside_bands high_volatility_bandwidth on_support TD_recent_buy9,1,NEUTRAL,0.0,"The stock is currently on support at 34.5900 with an RSI of 37.97 indicating potential oversold conditions. The MACD is bearish, and the price is below the Bollinger Bands' midline, suggesting a lack of upward momentum despite a recent TD buy signal.",0.13,Hold
FTNT,Fortinet Inc,2025-11-21,78.86,1.05,29.02,-1.34,-0.79,-0.55,82.86,88.1,77.62,0.12,0.13,78.09,79.29,114.57,74.39,2025-08-08,2025-05-05,True,True,5,0,BUY9,RSI_oversold MACD_bearish inside_bands on_support near_resistance TD_recent_buy9 TD_buy_perfected TD_sell_perfected TD_buy_count_5,1,BEARISH,-2.0,"The RSI indicates oversold conditions at 29.02, while the MACD remains bearish. The price is near support at 78.09 and resistance at 79.29, with the TD signal showing a recent buy but overall momentum is weak.",-0.47,Sell
GEMI,Gemini Space Station Ltd,2025-11-21,10.63,0.47,19.03,-2.88,-2.65,-0.22,15.22,21.41,9.04,0.13,0.81,10.58,12.09,32.52,10.58,2025-11-21,,True,False,8,0,BUY9,RSI_oversold MACD_bearish inside_bands high_volatility_bandwidth near_52w_low on_support TD_recent_buy9 TD_buy_perfected TD_buy_count_8,4,BEARISH,-2.0,"The momentum is bearish with an RSI indicating oversold conditions at 19.03 and a MACD below zero. The price is near the 52-week low and on support at 10.5800, while the Bollinger Bands suggest high volatility.",-0.2,Hold
GOOGL,Alphabet Inc Class A,2025-11-21,299.66,3.53,60.2,9.32,9.26,0.06,282.87,298.21,267.54,1.05,0.11,289.45,,299.66,144.7,2025-04-08,2025-11-05,True,True,0,3,SELL9,RSI_neutral MACD_bullish near_upper_band near_52w_high TD_recent_sell9 TD_buy_perfected TD_sell_perfected,-2,NEUTRAL,0.0,"GOOGL is currently at a 52-week high with a close of 299.66, showing bullish momentum in the MACD. However, the RSI indicates neutral conditions, and the TD sequential shows a recent sell signal, suggesting caution near the upper Bollinger Band.",-0.27,Sell
GRAB,Grab Holdings Ltd,2025-11-21,4.9,-1.61,18.38,-0.2,-0.11,-0.09,5.66,6.36,4.96,-0.04,0.25,4.87,4.93,6.45,3.48,2025-10-22,2025-09-16,True,True,7,0,BUY9,RSI_oversold MACD_bearish near_lower_band on_support near_resistance TD_recent_buy9 TD_buy_perfected TD_sell_perfected TD_buy_count_7,2,BEARISH,-2.0,"The RSI indicates oversold conditions at 18.38, while the MACD remains bearish. The price is near the lower Bollinger Band and on support at 4.8700, with resistance at 4.9300, suggesting a lack of upward momentum.",-0.33,Sell
GS,Goldman Sachs Group Inc,2025-11-21,774.03,0.04,46.26,0.58,3.92,-3.34,790.83,819.55,762.1,0.21,0.07,773.7,779.96,838.97,462.22,2025-10-20,2025-09-18,True,True,6,0,BUY9,RSI_neutral MACD_bearish inside_bands on_support near_resistance TD_recent_buy9 TD_buy_perfected TD_sell_perfected TD_buy_count_6,0,NEUTRAL,0.0,"The stock is currently at support near 773.7000 and close to resistance at 779.9600, with an RSI of 46.26 indicating neutral momentum. The MACD is bearish, while the TD indicator shows a recent buy signal, suggesting mixed signals in the trend.",0.0,Hold
HIMS,Hims Hers Health Inc,2025-11-21,34.71,3.24,21.53,-4.18,-3.82,-0.36,40.69,49.52,31.86,0.16,0.43,33.62,35.04,68.74,21.79,2025-11-11,2025-08-04,True,False,8,0,BUY9,RSI_oversold MACD_bearish inside_bands high_volatility_bandwidth near_resistance TD_recent_buy9 TD_buy_perfected TD_buy_count_8,1,BEARISH,-2.0,"The RSI indicates oversold conditions at 21.53, while the MACD remains bearish. The price is near resistance at 35.04, with support at 33.62, and the Bollinger Bands suggest high volatility.",-0.47,Sell
HOOD,Robinhood Markets Inc,2025-11-21,107.3,1.03,25.94,-6.45,-3.23,-3.22,130.62,156.75,104.48,0.05,0.4,106.21,108.8,152.46,34.17,2025-04-08,2025-10-09,True,False,7,0,SELL9,RSI_oversold MACD_bearish near_lower_band high_volatility_bandwidth on_support near_resistance TD_recent_sell9 TD_buy_perfected TD_buy_count_7,-1,BEARISH,-2.0,"The stock is in a bearish trend with an RSI indicating oversold conditions at 25.94 and a MACD below zero. It is currently near support at 106.21 and resistance at 108.80, while the TD indicator shows a recent sell signal.",-0.73,Sell
INTC,Intel Corporation,2025-11-21,34.5,2.62,31.43,-0.49,0.19,-0.68,37.54,42.21,32.87,0.17,0.25,34.33,35.11,41.53,18.13,2025-08-05,2025-10-30,False,False,7,0,SELL9,RSI_neutral MACD_bearish inside_bands on_support near_resistance TD_recent_sell9 TD_buy_count_7,-4,BEARISH,-1.0,"The momentum is bearish with an RSI of 31.43 indicating oversold conditions, while the MACD shows a negative trend. The price is near support at 34.33 and resistance at 35.11, with the TD indicator signaling a recent sell.",-0.7,Sell
IONQ,IONQ Inc,2025-11-21,41.71,1.73,27.65,-4.96,-3.81,-1.15,53.4,66.47,40.34,0.05,0.49,41.47,42.02,82.09,18.27,2025-03-05,2025-09-19,True,True,2,0,SELL9,RSI_oversold MACD_bearish near_lower_band high_volatility_bandwidth on_support near_resistance TD_recent_sell9 TD_buy_perfected TD_sell_perfected,-2,BEARISH,-2.0,"The stock is showing bearish momentum with an RSI of 27.65 indicating oversold conditions, and a MACD below zero. It is currently near support at 41.4700 and resistance at 42.0200, while trading close to the lower Bollinger Band, suggesting high volatility.",-0.87,Strong Sell
IREN,IREN Ltd,2025-11-21,42.26,-2.78,24.52,-3.19,-0.61,-2.58,57.15,75.65,38.65,0.1,0.65,41.86,47.08,76.41,5.3,2025-11-19,2025-10-13,False,True,8,0,BUY9,RSI_oversold MACD_bearish near_lower_band high_volatility_bandwidth on_support TD_recent_buy9 TD_sell_perfected TD_buy_count_8,2,BEARISH,-2.0,"The stock is showing strong bearish momentum with an RSI of 24.52 indicating oversold conditions, and a MACD below zero. It is currently near the lower Bollinger Band and on support at 41.86, while the TD indicator shows a recent buy signal but with a high sell count.",-0.33,Sell
ISRG,Intuitive Surgical Inc,2025-11-21,561.61,1.7,57.63,18.0,21.44,-3.45,552.28,577.91,526.66,0.68,0.09,560.28,563.6,610.45,429.59,2025-06-20,2025-10-28,True,False,0,2,SELL9,RSI_neutral MACD_bearish inside_bands on_support near_resistance TD_recent_sell9 TD_buy_perfected,-3,NEUTRAL,0.0,"The stock is currently on support at 560.2800 and near resistance at 563.6000, with an RSI of 57.63 indicating neutral momentum. The MACD is bearish, and the TD indicator shows a recent sell signal, suggesting caution in the current trend.",-0.4,Sell
JHX,James Hardie Industries PLC ADR,2025-11-21,18.68,4.42,35.03,-0.84,-0.92,0.08,18.77,22.56,14.97,0.49,0.4,18.64,19.29,37.2,16.69,2025-11-10,2025-10-10,True,False,0,4,BUY9,RSI_neutral MACD_bullish inside_bands high_volatility_bandwidth on_support TD_recent_buy9 TD_buy_perfected,6,NEUTRAL,0.0,"The stock is currently on support at 18.6400 with a close of 18.6800, indicating potential stabilization. RSI is low at 35.03, while MACD shows a slight bullish divergence. The price is within Bollinger Bands, suggesting high volatility.",0.4,Buy
JNJ,Johnson & Johnson,2025-11-21,203.9,0.41,93.75,4.02,2.74,1.28,192.56,204.93,180.2,0.96,0.13,191.88,,203.9,142.06,2024-12-10,2025-11-19,True,True,0,8,SELL9,RSI_overbought MACD_bullish near_upper_band near_52w_high TD_recent_sell9 TD_buy_perfected TD_sell_perfected TD_sell_count_8,-3,BEARISH,-1.0,"JNJ shows a strong overbought RSI at 93.75 and is near the upper Bollinger Band and 52-week high, indicating potential price exhaustion. The MACD is bullish, but the TD Sequential indicates a recent sell signal with 8 sell counts, suggesting caution in the current trend.",-0.7,Sell
JPM,JPMorgan Chase & Co,2025-11-21,298.02,-0.12,37.1,-1.35,0.37,-1.72,307.95,320.47,295.43,0.1,0.08,297.56,298.62,320.41,210.28,2024-12-19,2025-11-06,True,True,7,0,SELL9,RSI_neutral MACD_bearish inside_bands on_support near_resistance TD_recent_sell9 TD_buy_perfected TD_sell_perfected TD_buy_count_7,-4,BEARISH,-2.0,"JPM is showing bearish momentum with an RSI of 37.1 and a MACD below its signal line, indicating downward pressure. The price is near support at 297.56 and resistance at 298.62, while the TD indicator has recently signaled a sell. The stock is trading within Bollinger Bands, suggesting limited volatility.",-1.0,Strong Sell
KLAR,Klarna Group PLC,2025-11-21,29.07,3.42,25.6,-2.26,-1.53,-0.72,35.33,41.55,29.11,-0.0,0.35,28.11,34.88,45.48,28.11,2025-10-01,,True,False,7,0,BUY9,RSI_oversold MACD_bearish near_lower_band high_volatility_bandwidth TD_recent_buy9 TD_buy_perfected TD_buy_count_7,3,BEARISH,-2.0,"The momentum is bearish with an RSI indicating oversold conditions at 25.6 and a MACD below its signal line. The price is near the lower Bollinger Band at 29.0730, with support at 28.1100 and resistance at 34.8800, suggesting potential weakness in the trend.",-0.2,Hold
KSCP,Knightscope Inc,2025-11-21,4.7,-1.47,50.26,-0.21,-0.25,0.04,4.93,5.79,4.07,0.37,0.35,4.62,4.82,18.29,2.59,2025-10-22,2025-10-09,True,False,2,0,BUY9,RSI_neutral MACD_bullish inside_bands high_volatility_bandwidth on_support TD_recent_buy9 TD_buy_perfected,6,NEUTRAL,0.0,"The stock is currently at support near 4.6200 with a close of 4.7000, indicating a neutral momentum. RSI is at 50.26 and MACD shows a slight bullish divergence, but the price is below the mid-Bollinger band, suggesting mixed signals.",0.4,Buy
LAC,Lithium Americas Corp,2025-11-21,4.74,-1.04,43.68,-0.36,-0.36,0.01,5.04,5.94,4.15,0.33,0.36,4.55,5.1,10.05,2.34,2025-10-28,2025-07-22,True,False,1,0,BUY9,RSI_neutral MACD_bullish inside_bands high_volatility_bandwidth TD_recent_buy9 TD_buy_perfected,5,NEUTRAL,0.0,"The stock is currently trading near support at 4.5500 with a close of 4.7400. RSI indicates neutral momentum, while MACD shows a slight bullish divergence. The price is inside Bollinger Bands, suggesting high volatility but no clear trend direction.",0.4,Buy
LCID,Lucid Group Inc,2025-11-21,12.3,4.95,25.37,-1.99,-1.62,-0.37,15.87,20.24,11.5,0.09,0.55,11.72,12.97,34.8,11.72,2025-11-21,2025-10-01,True,False,8,0,BUY9,RSI_oversold MACD_bearish near_lower_band high_volatility_bandwidth near_52w_low TD_recent_buy9 TD_buy_perfected TD_buy_count_8,4,BEARISH,-2.0,"The RSI indicates oversold conditions at 25.37, while the MACD remains bearish. The price is near the lower Bollinger Band and 52-week low, with support at 11.7200 and resistance at 12.9650, suggesting continued downward pressure.",-0.2,Hold
LEN,Lennar Corporation,2025-11-21,123.16,5.94,54.35,-1.87,-1.68,-0.19,121.7,129.44,113.97,0.59,0.13,121.91,125.44,172.95,102.76,2025-09-22,2025-10-24,True,True,0,1,SELL9,RSI_neutral MACD_bearish inside_bands on_support near_resistance TD_recent_sell9 TD_buy_perfected TD_sell_perfected,-4,NEUTRAL,0.0,"The stock is currently near resistance at 125.4400 and on support at 121.9100, with an RSI of 54.35 indicating neutral momentum. The MACD is bearish, and the TD indicator shows a recent sell signal, suggesting caution in the current trend.",-0.4,Sell
LKNCY,Luckin Coffee,2025-11-21,37.0,2.92,41.95,-0.67,-0.44,-0.23,38.62,41.58,35.66,0.23,0.15,36.99,37.2,43.03,21.71,2024-10-18,2025-07-07,True,False,4,0,SELL9,RSI_neutral MACD_bearish inside_bands on_support near_resistance TD_recent_sell9 TD_buy_perfected,-3,NEUTRAL,0.0,"The stock is currently at support near 36.9900 and close to resistance at 37.2000, with an RSI of 41.95 indicating neutral momentum. The MACD is bearish, and the TD indicator shows a recent sell signal, suggesting caution in the current trend.",-0.4,Sell
LLY,Eli Lilly and Company,2025-11-21,1059.7,1.57,89.02,60.72,53.54,7.18,949.2,1113.6,784.79,0.84,0.35,1043.29,,1059.7,625.65,2025-10-22,2025-11-11,False,True,0,8,SELL9,RSI_overbought MACD_bullish inside_bands high_volatility_bandwidth near_52w_high on_support TD_recent_sell9 TD_sell_perfected TD_sell_count_8,-2,BEARISH,-1.0,"LLY shows strong momentum with an RSI of 89.02 and a bullish MACD, but is currently in an overbought condition. The price is near the 52-week high and on support at 1043.29, while the TD indicator indicates a recent sell signal, suggesting potential weakness.",-0.57,Sell
LMT,Lockheed Martin Corporation,2025-11-21,460.78,-1.6,31.85,-5.86,-5.96,0.1,472.26,497.61,446.91,0.27,0.11,458.33,463.9,542.22,410.74,2025-02-06,2025-10-02,True,True,1,0,SELL9,RSI_neutral MACD_bullish inside_bands on_support near_resistance TD_recent_sell9 TD_buy_perfected TD_sell_perfected,0,BEARISH,-1.0,"LMT shows bearish momentum with an RSI of 31.85 indicating oversold conditions, while the MACD is negative. The price is near support at 458.33 and resistance at 463.90, with the TD indicator signaling a recent sell.",-0.3,Sell
LRCX,Lam Research Corp,2025-11-21,142.65,2.19,37.25,0.04,3.13,-3.08,155.28,170.43,140.13,0.08,0.2,141.51,144.78,166.37,59.09,2025-11-21,2025-09-17,True,True,8,0,BUY9,RSI_neutral MACD_bearish near_lower_band on_support near_resistance TD_recent_buy9 TD_buy_perfected TD_sell_perfected TD_buy_count_8,1,NEUTRAL,0.0,"LRCX is currently near support at 141.5100 and the lower Bollinger Band at 141.2000, with an RSI of 37.25 indicating potential oversold conditions. The MACD is bearish, while the TD indicator shows a recent buy signal, suggesting mixed signals in the current trend.",0.13,Hold
LULU,Lululemon Athletica Inc,2025-11-21,168.18,2.12,53.38,-1.95,-2.01,0.06,168.6,178.44,158.77,0.48,0.12,168.02,169.76,421.16,159.87,2025-10-15,2025-05-15,False,True,0,1,BUY9,RSI_neutral MACD_bullish inside_bands near_52w_low on_support near_resistance TD_recent_buy9 TD_sell_perfected,4,NEUTRAL,0.0,"LULU is currently near support at 168.0200 and resistance at 169.7600, with an RSI of 53.38 indicating neutral momentum. The MACD shows a slight bullish divergence, but the overall trend is mixed with the price inside the Bollinger Bands.",0.4,Buy
MARA,Marathon Digital Holdings Inc,2025-11-21,10.07,-1.66,9.26,-2.15,-1.59,-0.56,15.05,21.13,8.97,0.09,0.81,,11.3,27.42,10.07,2025-11-11,2025-10-09,True,True,8,0,BUY9,RSI_oversold MACD_bearish near_lower_band high_volatility_bandwidth near_52w_low TD_recent_buy9 TD_buy_perfected TD_sell_perfected TD_buy_count_8,3,BEARISH,-2.0,"MARA shows strong bearish momentum with an RSI of 9.26 indicating oversold conditions, and a MACD below zero. The price is near the lower Bollinger Band at 9.99, with support not clearly defined, while resistance is at 11.30.",-0.2,Hold
META,Meta Platforms Inc,2025-11-21,594.25,0.87,27.9,-32.47,-30.78,-1.7,638.55,740.8,536.3,0.28,0.32,592.49,598.01,790.0,484.66,2025-11-21,2025-10-28,False,True,8,0,BUY9,RSI_oversold MACD_bearish inside_bands high_volatility_bandwidth on_support near_resistance TD_recent_buy9 TD_sell_perfected TD_buy_count_8,0,BEARISH,-2.0,"The momentum is bearish with an RSI indicating oversold conditions at 27.90 and a MACD below zero. The price is near support at 592.49 and resistance at 598.01, while the Bollinger Bands suggest high volatility.",-0.6,Sell
MP,MP Materials Corp,2025-11-21,55.27,-2.49,47.17,-3.36,-3.51,0.15,59.69,67.65,51.74,0.22,0.27,54.9,58.64,98.65,15.6,2025-10-29,2025-08-14,False,False,2,0,BUY9,RSI_neutral MACD_bullish inside_bands high_volatility_bandwidth on_support TD_recent_buy9,5,NEUTRAL,0.0,"The stock is currently on support at 54.9000 with a close of 55.2700. RSI is neutral at 47.17, while MACD shows a slight bullish divergence. The price is inside Bollinger Bands, indicating high volatility, with resistance at 58.6400.",0.4,Buy
MRVL,Marvell Technology Inc,2025-11-21,77.45,1.0,31.98,-1.63,0.19,-1.82,87.41,97.64,77.18,0.01,0.23,77.28,79.32,126.06,49.38,2025-11-21,2025-09-30,True,True,8,0,BUY9,RSI_neutral MACD_bearish near_lower_band on_support TD_recent_buy9 TD_buy_perfected TD_sell_perfected TD_buy_count_8,2,BEARISH,-1.0,"The momentum is bearish with an RSI of 31.98 and a MACD indicating downward pressure. The price is near the lower Bollinger Band and on support at 77.2800, while resistance is at 79.3200, suggesting a lack of upward momentum.",-0.03,Hold
MS,Morgan Stanley,2025-11-21,158.17,-0.33,40.66,0.05,1.11,-1.05,163.63,169.23,158.02,0.01,0.07,158.12,160.76,169.92,99.83,2025-03-13,2025-09-19,False,True,6,0,SELL9,RSI_neutral MACD_bearish near_lower_band on_support near_resistance TD_recent_sell9 TD_sell_perfected TD_buy_count_6,-4,BEARISH,-1.0,"The momentum is bearish with the RSI at 40.66 and MACD indicating a negative histogram. The price is near the lower Bollinger Band and on support at 158.12, while resistance is at 160.76, suggesting a lack of upward momentum.",-0.7,Sell
MSFT,Microsoft Corporation,2025-11-21,472.12,-1.32,24.29,-8.84,-4.85,-3.99,508.47,544.4,472.54,-0.01,0.14,470.92,472.75,542.07,354.56,2025-04-08,2025-10-30,True,False,5,0,SELL9,RSI_oversold MACD_bearish near_lower_band on_support near_resistance TD_recent_sell9 TD_buy_perfected TD_buy_count_5,-1,BEARISH,-2.0,"MSFT shows strong bearish momentum with an RSI of 24.29 indicating oversold conditions, and a MACD below its signal line. The price is near the lower Bollinger Band and support at 470.92, while resistance is at 472.75, with a recent TD sell signal suggesting continued downward pressure.",-0.73,Sell
MSTR,MicroStrategy Incorporated,2025-11-21,170.5,-3.74,16.94,-30.94,-26.5,-4.44,233.25,304.05,162.45,0.06,0.61,,206.8,473.83,170.5,2025-11-18,2025-05-07,True,False,8,0,BUY9,RSI_oversold MACD_bearish near_lower_band high_volatility_bandwidth near_52w_low TD_recent_buy9 TD_buy_perfected TD_buy_count_8,4,BEARISH,-2.0,"The momentum is strongly bearish with an RSI of 16.94 indicating oversold conditions, and a MACD below zero. The price is near the lower Bollinger Band, with no clear support level, while the TD indicator shows a recent buy signal but lacks strong bullish momentum.",-0.2,Hold
MU,Micron Technology Inc,2025-11-21,207.37,2.98,40.1,5.49,11.48,-5.99,230.55,256.29,204.82,0.05,0.22,202.38,226.63,253.3,64.72,2025-07-24,2025-09-22,False,False,4,0,SELL9,RSI_neutral MACD_bearish near_lower_band TD_recent_sell9,-3,BEARISH,-1.0,"The momentum is bearish with the RSI at 40.1 and a MACD histogram indicating downward pressure. The price is near the lower Bollinger Band, and the TD sequential shows a recent sell signal, suggesting potential weakness.",-0.7,Sell
MXL,MaxLinear Inc,2025-11-21,13.6,4.21,34.7,-0.73,-0.61,-0.13,14.54,16.35,12.74,0.24,0.25,13.1,13.9,24.92,9.15,2025-11-05,2025-07-14,True,False,0,1,BUY9,RSI_neutral MACD_bearish inside_bands TD_recent_buy9 TD_buy_perfected,1,BEARISH,-1.0,"The momentum is bearish with an RSI of 34.7 and a MACD below its signal line, indicating downward pressure. The price is near support at 13.1000, while resistance is at 13.9000, and the TD indicator shows a recent buy signal but lacks strong bullish momentum.",-0.17,Hold
NB,NioCorp Developments Ltd,2025-11-21,5.18,-0.58,34.52,-0.57,-0.48,-0.1,6.32,7.93,4.71,0.15,0.51,4.58,5.58,11.67,1.3,2025-02-26,2025-09-23,True,True,2,0,SELL9,RSI_neutral MACD_bearish inside_bands high_volatility_bandwidth TD_recent_sell9 TD_buy_perfected TD_sell_perfected,-4,BEARISH,-2.0,"The momentum is bearish with an RSI of 34.52 indicating oversold conditions, while the MACD shows a negative trend. The price is below the Bollinger Bands' midline and near support at 4.5800, with resistance at 5.5800.",-1.0,Strong Sell
NBIS,Nebius Group NV,2025-11-21,83.26,-1.63,25.8,-7.44,-4.74,-2.71,105.71,137.44,73.99,0.15,0.6,70.1,90.96,135.46,20.06,2025-11-13,2025-09-29,True,False,1,0,BUY9,RSI_oversold MACD_bearish inside_bands high_volatility_bandwidth TD_recent_buy9 TD_buy_perfected,2,BEARISH,-2.0,"The RSI indicates oversold conditions at 25.80, while the MACD shows strong bearish momentum. The price is trading below the Bollinger Bands' midline, with support at 70.10 and resistance at 90.96, suggesting a lack of upward momentum.",-0.33,Sell
NEE,Nextera Energy Inc,2025-11-21,83.48,-0.97,57.88,0.83,1.05,-0.22,83.63,86.73,80.54,0.48,0.07,83.35,84.04,86.03,64.11,2025-09-05,2025-10-15,True,True,1,0,SELL9,RSI_neutral MACD_bearish inside_bands on_support near_resistance TD_recent_sell9 TD_buy_perfected TD_sell_perfected,-4,NEUTRAL,0.0,"The stock is currently near support at 83.3500 and resistance at 84.0400, with an RSI of 57.89 indicating neutral momentum. The MACD shows a bearish divergence, while the TD indicator has recently signaled a sell. Price is inside the Bollinger Bands, suggesting consolidation.",-0.4,Sell
NEM,Newmont Goldcorp Corp,2025-11-21,83.49,1.82,52.99,0.28,0.6,-0.32,84.22,92.42,76.03,0.46,0.19,83.47,84.67,98.27,37.0,2024-11-05,2025-09-02,False,True,6,0,SELL9,RSI_neutral MACD_bearish inside_bands on_support near_resistance TD_recent_sell9 TD_sell_perfected TD_buy_count_6,-5,NEUTRAL,0.0,"NEM is currently at support near 83.4700 and close to resistance at 84.6700, with an RSI of 52.99 indicating neutral momentum. The MACD is bearish, and the TD indicator shows a recent sell signal, suggesting caution in the current trend.",-0.4,Sell
NFLX,Netflix Inc,2025-11-21,104.31,-1.29,39.25,-2.12,-1.74,-0.38,110.61,116.04,105.17,-0.08,0.1,97.07,109.85,133.91,82.84,2025-10-03,2025-08-18,True,True,6,0,BUY9,RSI_neutral MACD_bearish near_lower_band TD_recent_buy9 TD_buy_perfected TD_sell_perfected TD_buy_count_6,1,BEARISH,-1.0,"The momentum is bearish with an RSI of 39.25 and a MACD indicating downward pressure. The price is near the lower Bollinger Band at 105.0000, with support at 97.0650 and resistance at 109.8460, suggesting a lack of upward momentum.",-0.17,Hold
NKE,Nike Inc,2025-11-21,62.8,2.23,50.5,-1.45,-1.61,0.17,63.52,67.66,59.38,0.41,0.13,62.67,62.83,81.72,53.27,2025-11-07,2025-07-29,True,True,5,0,BUY9,RSI_neutral MACD_bullish inside_bands on_support near_resistance TD_recent_buy9 TD_buy_perfected TD_sell_perfected TD_buy_count_5,4,NEUTRAL,0.0,"NKE is currently at 62.8000, near resistance at 62.8300 and support at 62.6700. RSI is neutral at 50.50, while MACD shows a slight bullish divergence. The price is inside Bollinger Bands, indicating consolidation.",0.4,Buy
NVDA,NVIDIA Corporation,2025-11-21,178.88,-0.97,29.46,-1.51,0.65,-2.16,192.95,209.58,176.32,0.08,0.17,178.26,179.27,207.04,94.31,2025-04-07,2025-07-15,True,True,7,0,SELL9,RSI_oversold MACD_bearish near_lower_band on_support near_resistance TD_recent_sell9 TD_buy_perfected TD_sell_perfected TD_buy_count_7,-2,BEARISH,-2.0,"The momentum is bearish with an RSI indicating oversold conditions at 29.46 and a MACD below its signal line. The price is near support at 178.26 and the lower Bollinger Band at 177.64, while resistance is at 179.27, suggesting a lack of upward momentum.",-0.87,Strong Sell
NVO,Novo Nordisk A/S,2025-11-21,47.63,0.06,44.87,-1.65,-1.87,0.22,48.84,52.49,45.19,0.33,0.15,47.6,48.46,111.69,45.38,2025-11-03,2025-08-27,True,False,5,0,BUY9,RSI_neutral MACD_bullish inside_bands near_52w_low on_support near_resistance TD_recent_buy9 TD_buy_perfected TD_buy_count_5,6,NEUTRAL,0.0,"The stock is currently near support at 47.6000 and resistance at 48.4600, with an RSI of 44.87 indicating neutral momentum. The MACD shows a slight bullish divergence, but the overall trend remains weak with the price below the Bollinger midline.",0.4,Buy
OKLO,Oklo Inc,2025-11-21,88.17,0.19,30.26,-10.16,-7.39,-2.76,113.0,146.31,79.69,0.13,0.59,88.0,95.83,174.14,18.37,2025-08-20,2025-10-14,True,True,2,0,SELL9,RSI_neutral MACD_bearish inside_bands high_volatility_bandwidth on_support TD_recent_sell9 TD_buy_perfected TD_sell_perfected,-3,BEARISH,-2.0,"The momentum is bearish with an RSI of 30.26 indicating oversold conditions, while the MACD shows a significant negative divergence. The price is near support at 88.00, but the TD indicator has recently signaled a sell, suggesting continued downward pressure.",-1.0,Strong Sell
OPEN,Opendoor Technologies Inc,2025-11-21,6.75,9.58,44.92,-0.14,0.02,-0.16,7.56,9.12,6.0,0.24,0.41,6.16,7.23,10.52,0.51,2025-10-22,2025-08-22,True,True,5,0,BUY9,RSI_neutral MACD_bearish inside_bands high_volatility_bandwidth TD_recent_buy9 TD_buy_perfected TD_sell_perfected TD_buy_count_5,0,NEUTRAL,0.0,"The stock is currently trading near support at 6.1600 with a close of 6.7500. RSI is neutral at 44.92, while MACD indicates bearish momentum. The price is inside Bollinger Bands, suggesting high volatility, with resistance at 7.2300.",0.0,Hold
ORCL,Oracle Corporation,2025-11-21,198.76,-5.66,16.58,-17.87,-15.02,-2.86,240.81,286.53,195.08,0.04,0.38,176.38,210.87,328.33,122.82,2025-11-10,2025-07-09,True,True,2,0,BUY9,RSI_oversold MACD_bearish near_lower_band high_volatility_bandwidth TD_recent_buy9 TD_buy_perfected TD_sell_perfected,2,BEARISH,-2.0,"The RSI indicates oversold conditions at 16.58, while the MACD shows a strong bearish trend. The price is near the lower Bollinger Band at 198.0000, with support at 176.3800 and resistance at 210.8700, suggesting continued downward momentum.",-0.33,Sell
OSCR,Oscar Health Inc,2025-11-21,13.48,3.45,29.18,-1.49,-1.26,-0.23,16.11,20.29,11.93,0.18,0.52,13.42,13.61,22.47,11.6,2025-11-05,2025-01-27,True,True,2,0,BUY9,RSI_oversold MACD_bearish inside_bands high_volatility_bandwidth on_support near_resistance TD_recent_buy9 TD_buy_perfected TD_sell_perfected,1,NEUTRAL,0.0,"The stock is currently at support near 13.4200 with a close of 13.4800, indicating potential stabilization. RSI is oversold at 29.18, while MACD remains bearish. The price is inside Bollinger Bands, suggesting high volatility, with resistance at 13.6100.",0.13,Hold
OXY,Occidental Petroleum Corporation,2025-11-21,41.44,0.56,53.41,-0.3,-0.46,0.15,41.33,42.91,39.76,0.53,0.08,41.21,41.46,52.7,36.11,2025-10-21,2025-06-13,False,True,3,0,BUY9,RSI_neutral MACD_bullish inside_bands on_support near_resistance TD_recent_buy9 TD_sell_perfected,3,NEUTRAL,0.0,"OXY is currently showing a neutral momentum with an RSI of 53.41 and a MACD indicating a bullish divergence. The price is near support at 41.21 and resistance at 41.46, while trading within Bollinger Bands, suggesting consolidation.",0.4,Buy
PD,Pagerduty Inc,2025-11-21,14.9,1.36,35.76,-0.28,-0.2,-0.08,15.52,16.49,14.55,0.18,0.12,14.87,14.96,21.65,13.92,2025-07-22,2025-08-25,False,True,0,1,SELL9,RSI_neutral MACD_bearish inside_bands on_support near_resistance TD_recent_sell9 TD_sell_perfected,-5,BEARISH,-1.0,"The momentum is bearish with the RSI at 35.76 and MACD indicating downward pressure. The price is near support at 14.87 and resistance at 14.96, while the TD indicator shows a recent sell signal, suggesting caution in the current trend.",-0.7,Sell
PDD,PDD Holdings Inc DRC,2025-11-21,113.24,0.27,17.08,-3.79,-0.93,-2.87,131.58,148.04,115.12,-0.06,0.25,113.04,113.45,138.13,88.35,2025-04-04,2025-10-28,True,True,8,0,SELL9,RSI_oversold MACD_bearish near_lower_band high_volatility_bandwidth on_support near_resistance TD_recent_sell9 TD_buy_perfected TD_sell_perfected TD_buy_count_8,-2,BEARISH,-2.0,"The RSI indicates oversold conditions at 17.08, while the MACD shows strong bearish momentum. The price is near support at 113.0400 and resistance at 113.4500, with the TD signal suggesting a recent sell.",-0.87,Strong Sell
PFE,Pfizer Inc,2025-11-21,25.04,2.62,53.31,0.06,0.06,-0.01,24.84,25.8,23.88,0.6,0.08,25.01,25.07,27.37,21.59,2025-10-17,2025-08-22,True,True,5,0,BUY9,RSI_neutral MACD_bearish inside_bands on_support near_resistance TD_recent_buy9 TD_buy_perfected TD_sell_perfected TD_buy_count_5,0,NEUTRAL,0.0,"The stock is currently on support at 25.0100 and near resistance at 25.0700, with an RSI of 53.31 indicating neutral momentum. The MACD is slightly bearish, while the TD indicator shows a recent buy signal, suggesting mixed signals overall.",0.0,Hold
PLTR,Palantir Technologies Inc,2025-11-21,154.85,-0.57,21.92,-5.81,-1.89,-3.92,182.04,210.73,153.36,0.03,0.32,154.27,156.14,207.18,61.36,2025-04-08,2025-09-19,True,True,7,0,SELL9,RSI_oversold MACD_bearish near_lower_band high_volatility_bandwidth on_support near_resistance TD_recent_sell9 TD_buy_perfected TD_sell_perfected TD_buy_count_7,-2,BEARISH,-2.0,"The momentum is bearish with an RSI indicating oversold conditions at 21.92 and a MACD below its signal line. The price is near support at 154.27, while resistance is at 156.14, and the TD indicator shows a recent sell signal.",-0.87,Strong Sell
PLUG,Plug Power Inc,2025-11-21,1.98,4.76,30.46,-0.24,-0.16,-0.08,2.47,3.1,1.85,0.1,0.5,1.89,2.14,4.13,0.7,2025-10-29,2025-09-23,True,True,7,0,BUY9,RSI_neutral MACD_bearish inside_bands high_volatility_bandwidth TD_recent_buy9 TD_buy_perfected TD_sell_perfected TD_buy_count_7,0,BEARISH,-1.0,"The momentum is bearish with an RSI of 30.46 indicating oversold conditions, while the MACD remains negative. The price is near support at 1.8900, with resistance at 2.1400, and the TD indicator shows a recent buy signal but lacks strong bullish momentum.",-0.3,Sell
PYPL,PayPal Holdings Inc,2025-11-21,60.57,4.24,29.57,-2.38,-1.61,-0.77,65.77,73.39,58.16,0.16,0.23,60.56,61.0,91.81,57.41,2025-09-12,2025-07-07,False,True,7,0,BUY9,RSI_oversold MACD_bearish inside_bands on_support near_resistance TD_recent_buy9 TD_sell_perfected TD_buy_count_7,0,BEARISH,-2.0,"The momentum is bearish with an RSI indicating oversold conditions at 29.57 and a MACD below its signal line. The price is near support at 60.56 and resistance at 61.00, while the Bollinger Bands suggest the price is inside the bands with low bandwidth.",-0.6,Sell
QBTS,D Wave Quantum Inc,2025-11-21,20.41,-0.49,16.84,-2.73,-1.65,-1.08,28.4,38.63,18.18,0.11,0.72,17.59,23.44,44.78,1.67,2025-11-14,2025-09-19,True,True,2,0,BUY9,RSI_oversold MACD_bearish inside_bands high_volatility_bandwidth TD_recent_buy9 TD_buy_perfected TD_sell_perfected,1,BEARISH,-2.0,"The RSI indicates oversold conditions at 16.84, while the MACD remains bearish with a negative histogram. The price is trading well below the Bollinger Bands' midline, and support is at 17.5900, with resistance at 23.4400.",-0.47,Sell
QCOM,Qualcomm Incorporated,2025-11-21,163.3,2.32,33.33,-1.48,0.43,-1.91,173.72,187.39,160.05,0.12,0.16,161.74,164.08,187.68,124.66,,2025-10-28,False,True,5,0,SELL9,RSI_neutral MACD_bearish inside_bands on_support near_resistance TD_recent_sell9 TD_sell_perfected TD_buy_count_5,-5,BEARISH,-1.0,"QCOM shows bearish momentum with an RSI of 33.33 and a MACD indicating downward pressure. The price is near support at 161.74 and resistance at 164.08, while the TD indicator has recently signaled a sell.",-0.7,Sell
QUBT,Quantum Computing Inc,2025-11-21,10.2,-0.68,25.93,-1.78,-1.7,-0.08,12.97,17.02,8.92,0.16,0.62,10.03,12.34,25.68,3.68,2025-11-14,2025-09-18,True,True,2,0,BUY9,RSI_oversold MACD_bearish inside_bands high_volatility_bandwidth on_support TD_recent_buy9 TD_buy_perfected TD_sell_perfected,2,BEARISH,-2.0,"The momentum is bearish with an RSI indicating oversold conditions at 25.93 and a MACD below its signal line. The price is near support at 10.03, while resistance is at 12.34, and the Bollinger Bands suggest high volatility.",-0.33,Sell
RBLX,Roblox Corp,2025-11-21,89.25,-2.67,21.65,-8.37,-7.3,-1.07,107.1,130.37,83.84,0.12,0.43,84.64,95.8,141.56,49.06,2025-08-22,2025-06-26,True,True,7,0,BUY9,RSI_oversold MACD_bearish inside_bands high_volatility_bandwidth TD_recent_buy9 TD_buy_perfected TD_sell_perfected TD_buy_count_7,1,BEARISH,-2.0,"The RSI indicates oversold conditions at 21.65, while the MACD remains bearish with a significant negative divergence. The price is trading near support at 84.64, with resistance at 95.80, and the Bollinger Bands suggest high volatility.",-0.47,Sell
RDDT,Reddit Inc,2025-11-21,183.48,0.88,39.54,-6.57,-5.64,-0.92,196.9,218.89,174.9,0.19,0.22,181.88,187.78,270.71,86.91,2025-04-08,2025-09-10,True,True,7,0,SELL9,RSI_neutral MACD_bearish inside_bands on_support TD_recent_sell9 TD_buy_perfected TD_sell_perfected TD_buy_count_7,-3,BEARISH,-1.0,"The momentum is bearish with the RSI at 39.54 and MACD indicating downward pressure. The price is near support at 181.88, while resistance is at 187.78, and the TD indicator shows a recent sell signal.",-0.7,Sell
RGTI,Rigetti Computing Inc,2025-11-21,23.59,3.46,17.55,-3.83,-2.59,-1.24,32.45,45.85,19.04,0.17,0.83,22.8,25.48,56.34,1.35,2025-11-14,2025-10-14,True,True,2,0,BUY9,RSI_oversold MACD_bearish inside_bands high_volatility_bandwidth TD_recent_buy9 TD_buy_perfected TD_sell_perfected,1,BEARISH,-2.0,"The RSI indicates oversold conditions at 17.55, while the MACD remains bearish. Price is near support at 22.8000, with resistance at 25.4800, and the Bollinger Bands suggest high volatility.",-0.47,Sell
RIOT,Riot Platforms,2025-11-21,12.71,-0.55,4.95,-1.82,-1.27,-0.54,17.22,23.86,10.57,0.16,0.77,12.42,13.69,23.0,6.29,2025-11-11,2025-09-19,True,True,8,0,BUY9,RSI_oversold MACD_bearish inside_bands high_volatility_bandwidth TD_recent_buy9 TD_buy_perfected TD_sell_perfected TD_buy_count_8,1,BEARISH,-2.0,"The RSI indicates oversold conditions at 4.95, while the MACD remains bearish. The price is near support at 12.42, with resistance at 13.69, and the Bollinger Bands suggest high volatility.",-0.47,Sell
RIVN,Rivian Automotive Inc,2025-11-21,14.86,1.36,58.02,0.36,0.48,-0.12,14.81,17.69,11.94,0.51,0.39,14.82,14.87,18.02,10.02,2025-10-09,2025-09-26,True,True,6,0,BUY9,RSI_neutral MACD_bearish inside_bands high_volatility_bandwidth on_support near_resistance TD_recent_buy9 TD_buy_perfected TD_sell_perfected TD_buy_count_6,0,NEUTRAL,0.0,"RIVN is currently showing a neutral momentum with an RSI of 58.02 and a MACD indicating bearish divergence. The price is near support at 14.8200 and resistance at 14.8700, while trading within Bollinger Bands, suggesting high volatility.",0.0,Hold
RKLB,"Rocket Lab USA, Inc.",2025-11-21,40.3,2.08,14.36,-4.87,-3.31,-1.56,52.42,69.57,35.27,0.15,0.65,39.48,43.62,69.27,16.37,2025-11-11,2025-10-13,False,True,7,0,BUY9,RSI_oversold MACD_bearish inside_bands high_volatility_bandwidth TD_recent_buy9 TD_sell_perfected TD_buy_count_7,0,BEARISH,-2.0,"The RSI indicates oversold conditions at 14.36, while the MACD remains bearish with a negative histogram. Price is near support at 39.48, with resistance at 43.62, and the TD signals a recent buy but lacks strong momentum.",-0.6,Sell
RR,Richtech Robotics Inc,2025-11-21,3.0,-1.32,14.36,-0.53,-0.45,-0.09,3.96,5.59,2.32,0.21,0.83,2.86,3.04,7.06,0.53,2025-11-21,2025-09-18,True,True,8,0,BUY9,RSI_oversold MACD_bearish inside_bands high_volatility_bandwidth near_resistance TD_recent_buy9 TD_buy_perfected TD_sell_perfected TD_buy_count_8,0,BEARISH,-2.0,"The RSI indicates oversold conditions at 14.36, while the MACD remains bearish. The price is near support at 2.8600, with resistance at 3.0400, and the Bollinger Bands suggest high volatility.",-0.6,Sell
RXRX,Recursion Pharmaceuticals Inc,2025-11-21,4.17,8.31,23.43,-0.41,-0.32,-0.08,4.83,6.24,3.42,0.27,0.58,4.16,4.39,10.87,3.85,2025-11-11,,False,False,0,1,BUY9,RSI_oversold MACD_bearish inside_bands high_volatility_bandwidth near_52w_low on_support TD_recent_buy9,3,BEARISH,-2.0,"The RSI indicates oversold conditions at 23.43, while the MACD remains bearish. The price is near support at 4.1550, with resistance at 4.3900, and the TD signal shows a recent buy but lacks strong momentum.",-0.2,Hold
SERV,Serve Robotics Inc,2025-11-21,8.66,-0.23,4.69,-1.25,-1.03,-0.23,11.0,14.71,7.3,0.18,0.67,7.19,9.01,22.92,5.13,2025-11-11,2025-09-18,False,True,8,0,BUY9,RSI_oversold MACD_bearish inside_bands high_volatility_bandwidth TD_recent_buy9 TD_sell_perfected TD_buy_count_8,0,BEARISH,-2.0,"The RSI indicates oversold conditions at 4.69, while the MACD remains bearish. The price is trading near the lower Bollinger Band, with support at 7.19 and resistance at 9.01, suggesting a lack of upward momentum.",-0.6,Sell
SMCI,Super Micro Computer Inc,2025-11-21,32.19,2.0,12.79,-4.68,-3.74,-0.93,41.71,56.47,26.94,0.18,0.71,32.17,32.94,60.71,25.8,2025-11-13,2025-09-19,True,True,8,0,BUY9,RSI_oversold MACD_bearish inside_bands high_volatility_bandwidth on_support TD_recent_buy9 TD_buy_perfected TD_sell_perfected TD_buy_count_8,2,BEARISH,-2.0,"The RSI indicates oversold conditions at 12.79, while the MACD remains bearish. Price is near support at 32.17, with resistance at 32.94, and the TD signals a recent buy but lacks strong momentum.",-0.33,Sell
SMR,Nuscale Power Corp,2025-11-21,18.6,-0.53,9.95,-5.54,-4.3,-1.23,30.8,48.65,12.95,0.16,1.16,18.13,18.88,53.43,12.6,2025-11-13,2025-09-23,True,True,8,0,BUY9,RSI_oversold MACD_bearish inside_bands high_volatility_bandwidth near_resistance TD_recent_buy9 TD_buy_perfected TD_sell_perfected TD_buy_count_8,0,BEARISH,-2.0,"The RSI indicates oversold conditions at 9.95, while the MACD remains bearish with a significant negative histogram. The price is near resistance at 18.88, and support is at 18.13, suggesting a lack of upward momentum.",-0.6,Sell
SMTC,Semtech Corporation,2025-11-21,63.85,2.05,44.55,-0.88,0.03,-0.92,67.88,74.73,61.03,0.21,0.2,62.71,64.49,77.15,24.34,2025-04-04,2025-05-16,True,True,7,0,SELL9,RSI_neutral MACD_bearish inside_bands on_support near_resistance TD_recent_sell9 TD_buy_perfected TD_sell_perfected TD_buy_count_7,-4,NEUTRAL,0.0,"The stock is currently at 63.8500, near support at 62.7100 and resistance at 64.4900. RSI is neutral at 44.55, while MACD indicates bearish momentum. The price is inside Bollinger Bands, with a recent TD sell signal suggesting caution.",-0.4,Sell
SNOW,Snowflake Inc,2025-11-21,234.03,-4.34,16.08,-0.62,3.77,-4.39,262.31,283.05,241.57,-0.18,0.16,225.56,240.54,277.14,129.12,2025-04-08,2025-10-30,True,True,7,0,SELL9,RSI_oversold MACD_bearish near_lower_band TD_recent_sell9 TD_buy_perfected TD_sell_perfected TD_buy_count_7,-2,BEARISH,-2.0,"The momentum is strongly bearish with an RSI indicating oversold conditions at 16.08 and a MACD below zero. The price is near the lower Bollinger Band at 236.0000, with support at 225.5600 and resistance at 240.5400, while the TD indicator shows a recent sell signal.",-0.87,Strong Sell
SOFI,SoFi Technologies Inc.,2025-11-21,25.19,1.12,35.27,-0.59,0.03,-0.62,28.84,32.98,24.7,0.06,0.29,24.96,25.97,32.21,9.5,2025-03-13,2025-10-30,False,True,6,0,SELL9,RSI_neutral MACD_bearish near_lower_band high_volatility_bandwidth on_support TD_recent_sell9 TD_sell_perfected TD_buy_count_6,-3,BEARISH,-1.0,"The momentum is bearish with the RSI at 35.27 and MACD indicating downward pressure. The price is near the lower Bollinger Band and on support at 24.9600, while resistance is at 25.9700, suggesting a lack of upward momentum.",-0.7,Sell
SOUN,SoundHound AI Inc,2025-11-21,11.22,-0.62,13.23,-1.62,-1.29,-0.33,14.38,19.34,9.42,0.18,0.69,11.09,11.25,24.23,6.44,2025-11-20,2025-09-11,False,False,8,0,BUY9,RSI_oversold MACD_bearish inside_bands high_volatility_bandwidth on_support near_resistance TD_recent_buy9 TD_buy_count_8,1,BEARISH,-2.0,"The RSI indicates oversold conditions at 13.23, while the MACD remains bearish. The price is near support at 11.09 and resistance at 11.25, with the Bollinger Bands suggesting high volatility.",-0.47,Sell
SYM,Symbotic Inc,2025-11-21,53.64,-1.97,13.42,-3.55,-1.26,-2.29,67.03,86.15,47.91,0.15,0.57,52.99,53.68,81.83,17.5,2025-11-18,2025-09-17,True,True,8,0,BUY9,RSI_oversold MACD_bearish inside_bands high_volatility_bandwidth on_support near_resistance TD_recent_buy9 TD_buy_perfected TD_sell_perfected TD_buy_count_8,1,BEARISH,-2.0,"The RSI indicates oversold conditions at 13.42, while the MACD shows strong bearish momentum. The price is near support at 52.99 and resistance at 53.68, with the Bollinger Bands suggesting high volatility.",-0.47,Sell
TEM,Tempus AI Inc,2025-11-21,70.29,7.0,23.34,-5.21,-4.58,-0.63,76.57,94.82,58.31,0.33,0.48,67.94,71.78,103.25,31.83,2025-11-14,2025-10-10,True,True,0,1,BUY9,RSI_oversold MACD_bearish inside_bands high_volatility_bandwidth TD_recent_buy9 TD_buy_perfected TD_sell_perfected,1,BEARISH,-2.0,"The momentum is bearish with an RSI indicating oversold conditions at 23.34 and a MACD below its signal line. The price is near support at 67.94, while resistance is at 71.78, and the TD indicator shows a recent buy signal but lacks strong bullish momentum.",-0.47,Sell
TOL,Toll Brothers Inc,2025-11-21,131.63,4.26,45.62,-1.97,-1.49,-0.48,132.63,139.98,125.28,0.43,0.11,131.43,132.18,167.8,90.5,2025-09-22,2025-10-24,True,False,0,1,SELL9,RSI_neutral MACD_bearish inside_bands on_support near_resistance TD_recent_sell9 TD_buy_perfected,-3,NEUTRAL,0.0,"The stock is currently at support near 131.4300 and close to resistance at 132.1800, with an RSI of 45.62 indicating neutral momentum. The MACD is bearish, and the TD indicator shows a recent sell signal, suggesting caution in the current trend.",-0.4,Sell
TSLA,Tesla Inc,2025-11-21,391.09,-1.05,26.39,-10.14,-3.85,-6.3,432.18,482.25,382.1,0.09,0.23,356.9,403.99,479.86,221.86,2025-07-10,2025-09-17,False,True,2,0,SELL9,RSI_oversold MACD_bearish near_lower_band TD_recent_sell9 TD_sell_perfected,-3,BEARISH,-2.0,"The momentum is bearish with an RSI indicating oversold conditions at 26.39 and a MACD below its signal line. The price is near the lower Bollinger Band at 391.0900, with support at 356.9000 and resistance at 403.9900, while the TD indicator shows a recent sell signal.",-1.0,Strong Sell
TSM,Taiwan Semiconductor Manufacturing,2025-11-21,275.06,-0.88,25.77,-3.08,-0.57,-2.51,290.79,309.38,272.2,0.08,0.13,273.23,282.37,305.09,141.37,2025-02-25,2025-09-17,True,True,2,0,SELL9,RSI_oversold MACD_bearish near_lower_band on_support TD_recent_sell9 TD_buy_perfected TD_sell_perfected,-1,BEARISH,-2.0,"TSM shows strong bearish momentum with an RSI of 25.77 indicating oversold conditions, and a MACD below zero. The price is near the lower Bollinger Band and on support at 273.23, while resistance is at 282.37, with a recent TD sell signal suggesting continued downward pressure.",-0.73,Sell
TTD,The Trade Desk,2025-11-21,39.65,3.39,20.24,-3.01,-2.46,-0.55,45.12,53.83,36.41,0.19,0.39,38.35,40.47,139.51,38.35,2025-11-18,2025-10-02,True,True,8,0,BUY9,RSI_oversold MACD_bearish inside_bands high_volatility_bandwidth near_52w_low TD_recent_buy9 TD_buy_perfected TD_sell_perfected TD_buy_count_8,2,BEARISH,-2.0,"The RSI indicates oversold conditions at 20.24, while the MACD remains bearish. The price is near the 52-week low of 38.35, with support at this level and resistance at 40.47, suggesting a weak trend overall.",-0.33,Sell
TTWO,Take-Two Interactive Software Inc,2025-11-21,235.47,0.04,32.05,-4.65,-3.9,-0.75,244.28,261.75,226.81,0.25,0.14,235.37,236.14,262.29,178.61,2025-07-30,2025-09-05,True,True,0,3,SELL9,RSI_neutral MACD_bearish inside_bands on_support near_resistance TD_recent_sell9 TD_buy_perfected TD_sell_perfected,-4,BEARISH,-2.0,"The momentum is bearish with an RSI of 32.05 indicating oversold conditions, while the MACD shows a negative trend. The price is near support at 235.3700 and resistance at 236.1400, with the TD indicator signaling a recent sell.",-1.0,Strong Sell
TWLO,Twilio Inc,2025-11-21,120.57,1.42,25.56,2.0,3.56,-1.55,123.97,138.45,109.5,0.38,0.23,120.22,120.68,148.35,81.34,2025-04-08,2025-10-30,True,False,0,1,SELL9,RSI_oversold MACD_bearish inside_bands on_support near_resistance TD_recent_sell9 TD_buy_perfected,-2,BEARISH,-2.0,"TWLO shows bearish momentum with an RSI indicating oversold conditions at 25.56 and a MACD histogram below zero. The price is near support at 120.22 and resistance at 120.68, while the TD indicator has recently signaled a sell.",-0.87,Strong Sell
U,Unity Software Inc,2025-11-21,38.77,2.81,52.4,-0.04,0.01,-0.05,38.54,42.6,34.49,0.53,0.21,38.3,38.96,46.53,16.75,2025-10-01,2024-12-02,True,True,0,3,BUY9,RSI_neutral MACD_bearish inside_bands on_support near_resistance TD_recent_buy9 TD_buy_perfected TD_sell_perfected,0,NEUTRAL,0.0,"The stock is currently at 38.7700, near resistance at 38.9600 and above support at 38.3000. RSI is neutral at 52.40, while MACD shows bearish momentum. The price is inside Bollinger Bands, indicating a lack of strong directional movement.",0.0,Hold
UBER,Uber Technologies Inc,2025-11-21,83.87,0.61,14.09,-2.22,-1.2,-1.02,92.81,100.53,85.1,-0.08,0.17,83.44,85.12,100.1,59.93,2025-10-21,2025-05-02,False,True,7,0,BUY9,RSI_oversold MACD_bearish near_lower_band on_support near_resistance TD_recent_buy9 TD_sell_perfected TD_buy_count_7,1,BEARISH,-2.0,"The RSI indicates oversold conditions at 14.09, while the MACD remains bearish. The price is near support at 83.44 and the lower Bollinger Band at 84.00, with resistance at 85.12, suggesting a lack of upward momentum.",-0.47,Sell
UNH,Unitedhealth Group,2025-11-21,319.97,2.71,40.89,-8.99,-7.31,-1.68,331.53,363.98,299.09,0.32,0.2,309.09,321.58,610.79,237.77,2025-11-10,2025-09-11,True,True,5,0,BUY9,RSI_neutral MACD_bearish inside_bands near_resistance TD_recent_buy9 TD_buy_perfected TD_sell_perfected TD_buy_count_5,-1,NEUTRAL,0.0,"UNH shows a neutral momentum with an RSI of 40.89 and a bearish MACD. The price is near resistance at 321.58 and above support at 309.09, while trading within Bollinger Bands, indicating a lack of strong directional movement.",-0.13,Hold
UPST,Upstart Holdings Inc,2025-11-21,37.09,4.24,28.06,-4.06,-4.09,0.04,41.69,52.18,31.19,0.28,0.5,36.06,37.78,88.77,34.8,2025-11-10,2025-06-06,True,True,0,1,BUY9,RSI_oversold MACD_bullish inside_bands high_volatility_bandwidth near_52w_low near_resistance TD_recent_buy9 TD_buy_perfected TD_sell_perfected,5,BEARISH,-2.0,"The RSI indicates oversold conditions at 28.06, while the MACD shows a bearish trend with a negative value. The price is near support at 36.0650 and resistance at 37.7800, with the TD signal suggesting a recent buy but overall momentum remains weak.",-0.2,Hold
USAR,USA Rare Earth Inc,2025-11-21,12.24,0.33,29.84,-2.53,-2.12,-0.41,16.7,21.76,11.64,0.06,0.61,12.2,12.67,38.68,5.75,2025-10-28,2025-10-10,True,True,7,0,BUY9,RSI_oversold MACD_bearish near_lower_band high_volatility_bandwidth on_support TD_recent_buy9 TD_buy_perfected TD_sell_perfected TD_buy_count_7,3,BEARISH,-2.0,"The RSI indicates oversold conditions at 29.84, while the MACD remains bearish. The price is near the lower Bollinger Band and on support at 12.2000, with resistance at 12.6700, suggesting a lack of upward momentum.",-0.2,Hold
UUUU,Energy Fuels Inc,2025-11-21,12.78,-3.26,22.84,-1.31,-0.86,-0.45,16.71,21.52,11.89,0.09,0.58,11.93,13.08,26.23,3.44,2025-04-04,2025-10-16,True,True,2,0,SELL9,RSI_oversold MACD_bearish near_lower_band high_volatility_bandwidth TD_recent_sell9 TD_buy_perfected TD_sell_perfected,-2,BEARISH,-2.0,"The stock is in a bearish trend with an RSI indicating oversold conditions at 22.84 and a MACD below its signal line. It is trading near the lower Bollinger Band, with support at 11.93 and resistance at 13.08, while the TD indicator shows a recent sell signal.",-0.87,Strong Sell
V,Visa Inc Class A,2025-11-21,327.98,1.3,38.31,-4.9,-3.68,-1.22,335.68,350.9,320.46,0.25,0.09,324.61,332.43,373.31,306.92,2025-11-10,2025-06-09,False,True,0,1,BUY9,RSI_neutral MACD_bearish inside_bands on_support near_resistance TD_recent_buy9 TD_sell_perfected,-1,BEARISH,-1.0,"The momentum is bearish with an RSI of 38.31 and a MACD indicating downward pressure. The price is near support at 324.61, while resistance is at 332.43, and the TD indicator shows a recent buy signal but lacks strong bullish momentum.",-0.43,Sell
VOYG,Voyager Technologies Inc,2025-11-21,19.95,9.44,20.19,-3.42,-2.94,-0.48,24.57,34.48,14.65,0.27,0.81,18.1,24.03,56.48,17.99,2025-11-10,,True,False,0,1,BUY9,RSI_oversold MACD_bearish inside_bands high_volatility_bandwidth TD_recent_buy9 TD_buy_perfected,2,BEARISH,-2.0,"The momentum is bearish with an RSI indicating oversold conditions at 20.19 and a MACD below its signal line. The price is near support at 18.10, while resistance is at 24.03, and the Bollinger Bands suggest high volatility.",-0.33,Sell
VRT,Vertiv Holdings Co,2025-11-21,159.83,0.14,33.23,-2.49,1.08,-3.57,179.58,204.19,154.97,0.1,0.27,159.61,161.64,199.27,59.41,2025-08-25,2025-06-27,False,True,2,0,BUY9,RSI_neutral MACD_bearish near_lower_band high_volatility_bandwidth on_support near_resistance TD_recent_buy9 TD_sell_perfected,0,NEUTRAL,0.0,"The stock is currently at support near 159.6100 with a close of 159.8300. RSI indicates oversold conditions at 33.23, while MACD remains bearish. The price is near the lower Bollinger Band, suggesting high volatility, with resistance at 161.6400.",0.0,Hold
VST,Vistra Energy Corp,2025-11-21,168.59,-2.99,29.9,-6.61,-5.7,-0.91,183.7,201.48,165.92,0.08,0.19,164.65,173.62,217.92,98.07,2025-03-04,2025-09-18,True,False,2,0,SELL9,RSI_oversold MACD_bearish near_lower_band TD_recent_sell9 TD_buy_perfected,-1,BEARISH,-2.0,"The stock is in a bearish trend with an RSI indicating oversold conditions at 29.90 and a MACD showing a significant negative divergence. It is trading near the lower Bollinger Band at 168.5900, with support at 164.6500 and resistance at 173.6200, while the TD indicator has recently signaled a sell.",-0.73,Sell
WDAY,Workday Inc,2025-11-21,225.14,3.84,37.98,-3.46,-2.76,-0.7,229.22,241.1,217.35,0.33,0.1,224.98,225.64,279.91,210.47,2025-08-12,2025-09-29,True,True,0,1,SELL9,RSI_neutral MACD_bearish inside_bands on_support near_resistance TD_recent_sell9 TD_buy_perfected TD_sell_perfected,-4,BEARISH,-2.0,"WDAY shows bearish momentum with an RSI of 37.98 and a MACD indicating downward pressure. The price is near support at 224.98 and resistance at 225.64, while the TD indicator has recently signaled a sell.",-1.0,Strong Sell
WMT,Walmart Inc,2025-11-21,105.32,-1.67,61.77,0.1,-0.19,0.29,102.74,105.69,99.79,0.94,0.06,103.42,107.11,109.03,81.79,2025-11-04,2025-07-31,False,True,0,2,BUY9,RSI_neutral MACD_bullish near_upper_band on_support near_resistance TD_recent_buy9 TD_sell_perfected,2,NEUTRAL,0.0,"WMT is currently near its upper Bollinger Band and resistance level, with an RSI indicating neutral momentum. The MACD shows bullish momentum, but the TD indicator has a recent sell signal, suggesting mixed signals in the trend.",0.27,Buy
WULF,Terawulf Inc,2025-11-21,11.29,-2.34,24.0,-0.48,-0.13,-0.35,13.46,16.83,10.09,0.18,0.5,11.24,11.35,16.1,2.24,2025-11-18,2025-10-09,True,True,0,3,BUY9,RSI_oversold MACD_bearish inside_bands high_volatility_bandwidth on_support near_resistance TD_recent_buy9 TD_buy_perfected TD_sell_perfected,1,BEARISH,-2.0,"The RSI indicates oversold conditions at 24, while the MACD shows bearish momentum. The price is near support at 11.2400 and resistance at 11.3500, with the TD signal suggesting a recent buy but overall trend remains negative.",-0.47,Sell
XOM,Exxon Mobil Corp,2025-11-21,117.08,0.05,61.22,1.08,1.17,-0.09,116.61,120.46,112.76,0.56,0.07,117.02,117.22,121.93,99.93,2025-05-29,2025-09-02,True,True,3,0,SELL9,RSI_neutral MACD_bearish inside_bands on_support near_resistance TD_recent_sell9 TD_buy_perfected TD_sell_perfected,-4,NEUTRAL,0.0,"XOM is currently near resistance at 117.2200 and on support at 117.0200, with an RSI of 61.22 indicating neutral momentum. The MACD shows a bearish divergence, while the TD indicator has recently signaled a sell. Price is within Bollinger Bands, suggesting consolidation.",-0.4,Sell
XYZ,Block Inc,2025-11-21,61.95,0.0,26.17,-4.11,-3.51,-0.59,68.37,82.3,54.43,0.27,0.41,61.81,62.0,98.92,46.53,2025-11-10,2025-07-28,True,True,0,2,BUY9,RSI_oversold MACD_bearish inside_bands high_volatility_bandwidth on_support near_resistance TD_recent_buy9 TD_buy_perfected TD_sell_perfected,1,BEARISH,-2.0,"The RSI indicates oversold conditions at 26.17, while the MACD remains bearish. Price is near support at 61.81 and resistance at 62.00, with the TD signal showing a recent buy but overall momentum is weak.",-0.47,Sell
