symbol_original,symbol,date,close,change_1d,rsi,macd,macd_signal,macd_hist,bb_pctb,bb_bandwidth,support,resistance,hi_52w,lo_52w,td_last_signal,td_curr_buy_count,td_curr_sell_count,tags,local_score,llm_stance,llm_score,llm_summary,final_score,decision
AAL.O,AAL,2025-10-31,13.13,2.7387,62.1716,0.266,0.1599,0.1061,0.815,0.2035,13.0,13.15,18.66,9.07,BUY9,2,0,RSI_neutral MACD_bullish inside_bands on_support near_resistance TD_recent_buy9 TD_buy_perfected TD_sell_perfected,4,bullish,1,"The stock shows bullish momentum with an RSI of 62.17 and a MACD indicating upward strength. It is currently testing resistance at 13.15 while supported at 13.0, and the price is within the Bollinger Bands, suggesting potential for further gains.",5,BUY
CRM,CRM,2025-10-31,260.41,1.465,58.6989,3.3955,2.4016,0.9939,0.8612,0.1213,259.5,262.38,367.87,231.66,BUY9,0,2,RSI_neutral MACD_bullish inside_bands on_support near_resistance TD_recent_buy9 TD_buy_perfected TD_sell_perfected,4,bullish,1,"The momentum is bullish with the MACD above its signal line and a positive histogram. The price is above the mid-Bollinger band and near resistance at 262.38, while also holding above support at 259.5. The RSI indicates neutral conditions, suggesting potential for further upward movement.",5,BUY
KLAR.K,KLAR,2025-10-31,37.57,2.6222,45.1094,-0.9346,-1.0756,0.141,0.3978,0.2151,36.65,39.3,45.48,35.28,BUY9,2,0,RSI_neutral MACD_bullish inside_bands TD_recent_buy9 TD_buy_perfected,5,neutral,0,"The momentum is neutral with an RSI of 45.11 and a bearish MACD, although the TD indicator shows a recent buy signal. Price is near support at 36.65 and below resistance at 39.3, while trading within Bollinger Bands, indicating a lack of strong trend direction.",5,BUY
ALAB.O,ALAB,2025-10-31,186.68,10.1032,43.2567,-7.5649,-9.3491,1.7842,0.5725,0.5303,185.85,189.15,251.88,52.94,BUY9,0,7,RSI_neutral MACD_bullish inside_bands high_volatility_bandwidth on_support near_resistance TD_recent_buy9 TD_buy_perfected TD_sell_perfected TD_sell_count_7,4,neutral,0,"The stock is currently at 186.68, near support at 185.85 and resistance at 189.15. RSI indicates neutral momentum, while MACD shows a bearish trend. The price is inside Bollinger Bands, suggesting high volatility but no clear direction.",4,BUY
AVGO.O,AVGO,2025-10-31,369.63,-1.8169,56.5654,9.9241,7.3857,2.5384,0.7984,0.1676,359.63,385.98,385.98,146.29,BUY9,0,6,RSI_neutral MACD_bullish inside_bands TD_recent_buy9 TD_buy_perfected TD_sell_perfected TD_sell_count_6,4,neutral,0,"AVGO shows a neutral momentum with an RSI of 56.57 and a bullish MACD. The price is near resistance at 385.98 and support at 359.63, while trading within Bollinger Bands, indicating consolidation.",4,BUY
DIS,DIS,2025-10-31,112.62,0.6974,57.6052,-0.4908,-0.6815,0.1907,0.6924,0.0433,112.53,112.75,124.01,81.72,BUY9,0,2,RSI_neutral MACD_bullish inside_bands bollinger_squeeze on_support near_resistance TD_recent_buy9 TD_buy_perfected TD_sell_perfected,4,neutral,0,"The stock is currently on support at 112.53 and near resistance at 112.75, with an RSI of 57.61 indicating neutral momentum. The MACD shows a bullish divergence, but the overall trend is mixed with a recent TD signal of BUY9 and a Bollinger Band squeeze suggesting potential volatility.",4,BUY
FTNT.O,FTNT,2025-10-31,86.43,2.6485,61.5784,0.4267,0.3798,0.0469,0.8728,0.0528,85.79,86.46,114.57,74.39,BUY9,0,1,RSI_neutral MACD_bullish inside_bands on_support near_resistance TD_recent_buy9 TD_buy_perfected TD_sell_perfected,4,neutral,0,"FTNT shows a neutral momentum with an RSI of 61.58 and MACD indicating bullishness. The price is near resistance at 86.46 and support at 85.79, while trading inside Bollinger Bands, suggesting consolidation.",4,BUY
GRAB.O,GRAB,2025-10-31,6.01,0.5017,53.0303,0.0256,0.0151,0.0105,0.5793,0.1573,5.98,6.05,6.45,3.48,BUY9,1,0,RSI_neutral MACD_bullish inside_bands on_support near_resistance TD_recent_buy9 TD_buy_perfected TD_sell_perfected,4,neutral,0,"The momentum is stable with an RSI of 53.03 and a bullish MACD. The price is currently at support near 5.98 and approaching resistance at 6.05, while trading within Bollinger Bands, indicating a balanced trend.",4,BUY
LULU.O,LULU,2025-10-31,170.54,1.4998,50.7521,-1.0023,-1.0503,0.048,0.3769,0.1174,169.62,173.41,421.16,159.87,BUY9,3,0,RSI_neutral MACD_bullish inside_bands near_52w_low on_support near_resistance TD_recent_buy9 TD_sell_perfected,4,neutral,0,"LULU's current momentum is neutral with an RSI of 50.75 and a MACD indicating slight bullishness. The price is near support at 169.62 and resistance at 173.41, while trading within Bollinger Bands, suggesting a consolidation phase.",4,BUY
RIVN.O,RIVN,2025-10-31,13.57,4.465,56.8365,-0.128,-0.1879,0.0599,0.8933,0.0737,13.53,13.64,16.92,9.71,BUY9,0,5,RSI_neutral MACD_bullish inside_bands on_support near_resistance TD_recent_buy9 TD_buy_perfected TD_sell_perfected TD_sell_count_5,4,neutral,0,"RIVN shows a neutral momentum with an RSI of 56.84 and a MACD indicating a slight bullish divergence. The price is near support at 13.53 and resistance at 13.64, while trading within Bollinger Bands, suggesting consolidation.",4,BUY
GS,GS,2025-10-31,789.37,-0.1,50.9834,2.8728,0.3371,2.5358,0.7392,0.0809,785.53,790.16,806.32,462.22,BUY9,1,0,RSI_neutral MACD_bullish inside_bands near_52w_high on_support near_resistance TD_recent_buy9 TD_buy_perfected TD_sell_perfected,3,neutral,0,"The stock is currently near resistance at 790.16 and on support at 785.53, with an RSI of 50.98 indicating neutral momentum. The MACD is bullish, and the TD indicator shows a recent buy signal, but the price is within the Bollinger Bands, suggesting consolidation.",3,BUY
U,U,2025-10-31,37.9,4.899,52.3839,-0.709,-0.9801,0.2711,0.7605,0.1242,36.88,38.34,46.53,16.75,BUY9,2,0,RSI_neutral MACD_bullish inside_bands near_resistance TD_recent_buy9 TD_buy_perfected TD_sell_perfected,3,neutral,0,"The stock is currently near resistance at 38.34 with a close of 37.9. RSI is neutral at 52.38, while MACD shows a bullish trend despite being negative. The price is inside Bollinger Bands, indicating consolidation, with support at 36.88.",3,BUY
UBER.K,UBER,2025-10-31,96.5,0.0104,59.3799,0.0169,-0.2719,0.2888,0.6603,0.0902,95.43,96.53,100.1,59.93,BUY9,0,7,RSI_neutral MACD_bullish inside_bands on_support near_resistance TD_recent_buy9 TD_sell_perfected TD_sell_count_7,3,neutral,0,"The stock is currently at 96.5, near resistance at 96.53 and above support at 95.43. RSI is neutral at 59.38, while MACD shows bullish momentum. The price is inside Bollinger Bands, indicating consolidation, with a recent TD signal of BUY9 but a higher sell count.",3,BUY
UPST.O,UPST,2025-10-31,47.52,5.694,46.0873,-2.5932,-2.7674,0.1742,0.1903,0.1751,47.39,47.63,88.77,34.8,BUY9,3,0,RSI_neutral MACD_bullish inside_bands on_support near_resistance TD_recent_buy9 TD_sell_perfected,3,neutral,0,"The momentum is mixed with RSI at 46.09 indicating neutrality, while MACD shows a slight bullish divergence. Price is near support at 47.39 and resistance at 47.63, with the current close at 47.52, and the TD indicator suggests a recent buy signal.",3,BUY
AIRO.O,AIRO,2025-10-31,16.36,0.0612,35.535,-0.886,-0.7586,-0.1274,0.1298,0.2657,16.35,17.48,31.0,16.35,BUY9,8,0,RSI_neutral MACD_bearish inside_bands high_volatility_bandwidth near_52w_low on_support TD_recent_buy9 TD_buy_perfected TD_buy_count_8,3,bearish,-1,"The momentum is bearish with an RSI of 35.54 and a MACD below its signal line, indicating weakness. The price is near the 52-week low and on support at 16.35, while resistance is at 17.48. The TD indicator shows a recent buy signal, but overall sentiment remains negative.",2,BUY
KSCP.O,KSCP,2025-10-31,5.12,0.9862,36.8,-0.2225,-0.1055,-0.117,0.1403,0.4276,5.08,5.27,27.76,2.59,BUY9,3,0,RSI_neutral MACD_bearish inside_bands high_volatility_bandwidth on_support TD_recent_buy9 TD_buy_perfected,2,neutral,0,"The stock is currently at support near 5.08 with a close of 5.12, indicating potential stabilization. RSI is low at 36.8 and MACD remains bearish, while the TD indicator shows a recent buy signal. Price is inside Bollinger Bands, suggesting high volatility.",2,BUY
RBLX.K,RBLX,2025-10-31,113.72,0.6372,36.7952,-2.3915,-0.5886,-1.803,-0.0986,0.193,113.0,118.49,141.56,43.14,BUY9,2,0,RSI_neutral MACD_bearish near_lower_band on_support TD_recent_buy9 TD_buy_perfected TD_sell_perfected,2,neutral,0,"The momentum is weak with RSI at 36.8 and a bearish MACD. The price is near the lower Bollinger Band and on support at 113.0, while resistance is at 118.49, indicating a consolidation phase.",2,BUY
VRT,VRT,2025-10-31,192.86,-0.4645,61.4849,11.3844,10.6896,0.6948,0.8267,0.2424,190.57,192.9,199.27,59.41,BUY9,1,0,RSI_neutral MACD_bullish inside_bands near_52w_high on_support near_resistance TD_recent_buy9 TD_sell_perfected,2,neutral,0,"The momentum is stable with RSI at 61.48 and MACD showing bullish characteristics. The price is near resistance at 192.9 and support at 190.57, while trading within Bollinger Bands, indicating a consolidation phase.",2,BUY
AFRM.O,AFRM,2025-10-31,71.88,4.3251,47.8377,-1.5568,-1.6585,0.1017,0.3594,0.146,71.14,73.06,92.18,35.75,SELL9,3,0,RSI_neutral MACD_bullish inside_bands on_support near_resistance TD_recent_sell9 TD_buy_perfected,1,neutral,0,"The stock is currently at support near 71.14 and close to resistance at 73.06, with an RSI of 47.84 indicating neutral momentum. The MACD shows a slight bullish divergence, but the TD indicator has recently signaled a sell. Price is within Bollinger Bands, suggesting consolidation.",1,HOLD
BLSH.K,BLSH,2025-10-31,50.57,1.2412,28.5782,-2.8328,-2.0367,-0.7961,0.1511,0.3687,50.12,52.35,74.63,49.01,BUY9,3,0,RSI_oversold MACD_bearish inside_bands high_volatility_bandwidth on_support TD_recent_buy9 TD_buy_perfected,3,bearish,-2,"The momentum is bearish with an RSI indicating oversold conditions at 28.58 and a MACD below its signal line. Price is near support at 50.12, while the Bollinger Bands suggest high volatility; the TD indicator shows a recent buy signal but overall trend remains weak.",1,HOLD
CRCL.K,CRCL,2025-10-31,126.98,3.4798,41.8946,-1.8773,-1.0985,-0.7788,0.2523,0.2548,126.49,129.05,263.45,83.23,BUY9,2,0,RSI_neutral MACD_bearish inside_bands high_volatility_bandwidth on_support near_resistance TD_recent_buy9 TD_buy_perfected,1,neutral,0,"The momentum is neutral with RSI at 41.89 and MACD indicating bearish conditions. Price is currently on support at 126.49 and near resistance at 129.05, while trading within Bollinger Bands, suggesting high volatility.",1,HOLD
HIMS.K,HIMS,2025-10-31,45.46,3.1775,36.8883,-2.2552,-1.2473,-1.0079,0.1815,0.3961,44.06,48.33,68.74,18.83,BUY9,8,0,RSI_neutral MACD_bearish inside_bands high_volatility_bandwidth TD_recent_buy9 TD_buy_perfected TD_buy_count_8,1,neutral,0,"The momentum is weak with an RSI of 36.89 and a bearish MACD. The price is near support at 44.06 and below resistance at 48.33, while trading within Bollinger Bands, indicating high volatility but no clear trend direction.",1,HOLD
LCID.O,LCID,2025-10-31,17.75,1.255,19.5652,-1.1078,-0.819,-0.2888,0.1874,0.3675,17.53,18.11,34.8,16.16,BUY9,8,0,RSI_oversold MACD_bearish inside_bands high_volatility_bandwidth on_support TD_recent_buy9 TD_buy_perfected TD_buy_count_8,3,bearish,-2,"The RSI indicates oversold conditions at 19.57, while the MACD remains bearish. Price is near support at 17.53, with resistance at 18.11, and the Bollinger Bands suggest high volatility, indicating a weak trend overall.",1,HOLD
LLY,LLY,2025-10-31,862.86,2.1741,64.5273,15.2896,14.603,0.6866,1.0246,0.0828,843.63,864.9,929.72,625.65,BUY9,0,2,RSI_neutral MACD_bullish near_upper_band near_resistance TD_recent_buy9 TD_sell_perfected,1,neutral,0,"The stock is currently near its upper Bollinger Band and resistance level, with an RSI indicating overbought conditions. The MACD shows bullish momentum, but the TD indicators suggest a recent sell signal, indicating mixed signals in the current trend.",1,HOLD
MSFT.O,MSFT,2025-10-31,517.81,-1.5121,53.289,4.0456,3.5708,0.4749,0.3873,0.0669,515.74,517.93,542.07,354.56,SELL9,1,0,RSI_neutral MACD_bullish inside_bands on_support near_resistance TD_recent_sell9 TD_buy_perfected,1,neutral,0,"MSFT is currently experiencing a neutral momentum with an RSI of 53.29 and a bullish MACD. The price is near support at 515.74 and resistance at 517.93, while trading within Bollinger Bands, indicating a consolidation phase.",1,HOLD
RXRX.O,RXRX,2025-10-31,5.52,-2.3009,49.9058,0.1357,0.2208,-0.0851,0.26,0.2707,5.51,5.53,10.87,3.97,BUY9,2,0,RSI_neutral MACD_bearish inside_bands high_volatility_bandwidth on_support near_resistance TD_recent_buy9 TD_buy_perfected,1,neutral,0,"The stock is currently at 5.52, slightly below the mid-Bollinger band and near support at 5.51. RSI is neutral at 49.91, while MACD shows a bearish divergence. The TD indicator has a recent buy signal but overall momentum appears mixed.",1,HOLD
SMR,SMR,2025-10-31,44.87,6.2012,49.8082,0.6118,0.5139,0.0979,0.6738,0.4001,44.44,45.93,53.43,12.6,SELL9,0,5,RSI_neutral MACD_bullish inside_bands high_volatility_bandwidth on_support TD_recent_sell9 TD_buy_perfected TD_sell_perfected TD_sell_count_5,1,neutral,0,"The stock is currently on support at 44.44 with a close of 44.87, showing neutral RSI and a bullish MACD. The price is within Bollinger Bands, indicating high volatility, while the TD indicator shows a recent sell signal, suggesting caution.",1,HOLD
TOL,TOL,2025-10-31,134.95,1.0256,67.2676,-0.1658,-0.2031,0.0373,0.5245,0.1054,133.58,137.2,167.8,90.5,SELL9,3,0,RSI_neutral MACD_bullish inside_bands on_support near_resistance TD_recent_sell9 TD_buy_perfected,1,neutral,0,"The stock is currently showing a neutral momentum with an RSI of 67.27, indicating potential overbought conditions. The MACD is slightly bearish, while the price is near resistance at 137.2 and on support at 133.58, with Bollinger Bands indicating it is trading within the bands.",1,HOLD
VOYG.K,VOYG,2025-10-31,30.58,1.1243,44.9627,-0.2114,0.2103,-0.4217,0.1597,0.224,30.24,30.77,56.48,27.64,BUY9,3,0,RSI_neutral MACD_bearish inside_bands on_support near_resistance TD_recent_buy9 TD_buy_perfected,1,neutral,0,"The momentum is neutral with an RSI of 44.96 and a bearish MACD. The price is near support at 30.24 and resistance at 30.77, while trading within Bollinger Bands, indicating consolidation.",1,HOLD
APP.O,APP,2025-10-31,637.33,2.6925,61.3959,8.2333,6.1429,2.0904,0.8305,0.1727,626.82,643.1,718.54,159.11,SELL9,1,0,RSI_neutral MACD_bullish inside_bands on_support near_resistance TD_recent_sell9 TD_buy_perfected TD_sell_perfected,0,neutral,0,"The stock is currently near resistance at 643.1 and on support at 626.82, with an RSI of 61.4 indicating neutral momentum. The MACD is bullish, but the TD indicator shows a recent sell signal, suggesting mixed signals overall.",0,HOLD
ARM.O,ARM,2025-10-31,169.82,2.6413,48.0558,4.9654,5.7132,-0.7478,0.5895,0.1324,168.16,170.66,179.93,85.82,BUY9,2,0,RSI_neutral MACD_bearish inside_bands on_support near_resistance TD_recent_buy9 TD_buy_perfected TD_sell_perfected,0,neutral,0,"The stock is currently at 169.82, showing a slight upward momentum with a 2.64% change. RSI is neutral at 48.06, while MACD indicates bearish momentum. Key levels include support at 168.16 and resistance at 170.66, with the price positioned inside Bollinger Bands.",0,HOLD
BA,BA,2025-10-31,201.02,0.4698,32.1112,-2.606,-1.3017,-1.3043,-0.0734,0.1183,200.32,201.31,237.38,136.59,BUY9,3,0,RSI_neutral MACD_bearish near_lower_band on_support near_resistance TD_recent_buy9 TD_buy_perfected TD_sell_perfected,1,bearish,-1,"The stock is currently near support at 200.32 and the lower Bollinger Band at 202.89, indicating potential weakness. RSI is low at 32.11 and MACD is bearish, suggesting downward momentum. Despite a recent TD buy signal, overall indicators lean towards a bearish outlook.",0,HOLD
BMNR.K,BMNR,2025-10-31,46.65,4.7138,35.6014,-1.3551,-0.5044,-0.8507,0.1601,0.35,44.55,49.95,135.0,4.265,BUY9,2,0,RSI_neutral MACD_bearish inside_bands high_volatility_bandwidth TD_recent_buy9 TD_buy_perfected,1,bearish,-1,"The momentum is bearish with an RSI of 35.6 and a MACD below its signal line, indicating downward pressure. The price is near support at 44.55, while resistance is at 49.95. The Bollinger Bands suggest high volatility, and the TD indicator shows a recent buy signal, but overall sentiment remains negative.",0,HOLD
DELL.K,DELL,2025-10-31,162.01,0.6211,61.5508,6.0193,5.6228,0.3965,0.7938,0.1557,161.01,164.53,164.88,71.63,SELL9,1,0,RSI_neutral MACD_bullish inside_bands near_52w_high on_support near_resistance TD_recent_sell9 TD_buy_perfected,0,neutral,0,"The stock is near its 52-week high and currently on support at 161.01, with resistance at 164.53. RSI indicates neutral momentum while MACD is bullish. The TD indicator shows a recent sell signal, suggesting caution despite the overall strength.",0,HOLD
FCX,FCX,2025-10-31,41.7,-0.0719,41.6409,-0.062,-0.1748,0.1128,0.5306,0.0723,41.61,41.87,48.58,29.15,SELL9,0,4,RSI_neutral MACD_bullish inside_bands on_support near_resistance TD_recent_sell9 TD_buy_perfected TD_sell_perfected,0,neutral,0,"The momentum is neutral with an RSI of 41.64 and a MACD showing a bearish crossover. The price is near support at 41.61 and resistance at 41.87, while trading within Bollinger Bands, indicating indecision in the market.",0,HOLD
FIG,FIG,2025-10-31,49.84,2.0475,19.3288,-2.8148,-2.1825,-0.6323,0.1843,0.4145,48.84,53.15,122.0,48.84,BUY9,8,0,RSI_oversold MACD_bearish inside_bands high_volatility_bandwidth near_52w_low TD_recent_buy9 TD_buy_count_8,2,bearish,-2,"The momentum is bearish with an RSI of 19.33 indicating oversold conditions, and a MACD below zero. The price is near the 52-week low of 48.84, with support at this level and resistance at 53.15, while the Bollinger Bands suggest high volatility.",0,HOLD
GEMI.O,GEMI,2025-10-31,18.35,4.9171,26.4325,-1.9856,-1.9307,-0.0549,0.1877,0.4523,17.49,20.33,32.52,17.49,BUY9,3,0,RSI_oversold MACD_bearish inside_bands high_volatility_bandwidth TD_recent_buy9 TD_buy_perfected,2,bearish,-2,"The momentum is bearish with an RSI indicating oversold conditions at 26.43 and a MACD below its signal line. The price is near support at 17.49, while resistance is at 20.33. Despite a recent TD buy signal, the overall indicators suggest weakness in the trend.",0,HOLD
HOOD.O,HOOD,2025-10-31,146.78,6.3084,54.9869,3.8245,3.7479,0.0766,0.7543,0.2001,144.26,148.67,152.46,23.49,SELL9,0,1,RSI_neutral MACD_bullish inside_bands near_52w_high on_support near_resistance TD_recent_sell9 TD_buy_perfected,0,neutral,0,"The momentum is neutral with RSI at 54.99 and MACD showing a slight bullish trend. The price is near resistance at 148.67 and support at 144.26, while currently trading inside Bollinger Bands, indicating a consolidation phase.",0,HOLD
ISRG.O,ISRG,2025-10-31,534.28,0.8037,81.9698,24.9709,17.7595,7.2113,0.7687,0.4014,533.71,538.16,610.45,429.59,SELL9,3,0,RSI_overbought MACD_bullish inside_bands high_volatility_bandwidth on_support near_resistance TD_recent_sell9 TD_buy_perfected,0,neutral,0,"The stock is currently experiencing strong momentum with an RSI of 81.97 indicating overbought conditions. It is trading near support at 533.71 and resistance at 538.16, while the MACD remains bullish. The TD indicator shows a recent sell signal, suggesting caution despite the overall strength.",0,HOLD
LAC,LAC,2025-10-31,5.5,-2.1352,29.1607,-0.0226,0.3651,-0.3877,0.1502,0.6857,3.22,6.72,10.05,2.34,BUY9,8,0,RSI_oversold MACD_bearish inside_bands high_volatility_bandwidth TD_recent_buy9 TD_buy_perfected TD_buy_count_8,2,bearish,-2,"The stock shows bearish momentum with an RSI of 29.16 indicating oversold conditions, while the MACD is negative and below its signal line. Price is trading near the lower Bollinger Band, with key support at 3.22 and resistance at 6.72, suggesting potential downward pressure.",0,HOLD
LEN,LEN,2025-10-31,123.77,-0.29,66.1064,-0.347,-0.4903,0.1433,0.4761,0.1093,121.91,124.32,172.9526,102.76,SELL9,3,0,RSI_neutral MACD_bullish inside_bands on_support near_resistance TD_recent_sell9 TD_buy_perfected TD_sell_perfected,0,neutral,0,"The stock is currently near resistance at 124.32 and on support at 121.91, with an RSI of 66.11 indicating neutral momentum. The MACD is bearish, while the TD signals a recent sell, suggesting mixed signals in the trend.",0,HOLD
MARA.O,MARA,2025-10-31,18.27,2.8716,41.3063,0.0612,0.4314,-0.3702,0.1656,0.2386,18.26,18.35,27.42,10.52,BUY9,8,0,RSI_neutral MACD_bearish inside_bands on_support near_resistance TD_recent_buy9 TD_buy_perfected TD_sell_perfected TD_buy_count_8,0,neutral,0,"MARA is currently showing a neutral momentum with an RSI of 41.31 and a bearish MACD. The price is near support at 18.26 and resistance at 18.35, while trading within Bollinger Bands, indicating a lack of strong directional movement.",0,HOLD
MSTR.O,MSTR,2025-10-31,269.51,5.8687,33.7735,-15.8079,-13.5102,-2.2977,0.1928,0.313,254.57,293.61,473.83,222.99,BUY9,3,0,RSI_neutral MACD_bearish inside_bands high_volatility_bandwidth TD_recent_buy9 TD_buy_perfected,1,bearish,-1,"The momentum is bearish with a low RSI of 33.77 and a negative MACD, indicating downward pressure. The price is near support at 254.57, while resistance is at 293.61. The TD indicator shows a recent buy signal, but overall indicators suggest caution.",0,HOLD
NFLX.O,NFLX,2025-10-31,1118.86,2.742,32.8058,-28.6237,-20.5571,-8.0666,0.2797,0.1892,1110.0,1155.41,1339.13,753.74,BUY9,0,1,RSI_neutral MACD_bearish inside_bands on_support TD_recent_buy9 TD_buy_perfected TD_sell_perfected,1,bearish,-1,"The momentum is bearish with a low RSI of 32.81 and a negative MACD, indicating downward pressure. The price is near support at 1110.0, while resistance is at 1155.41. The TD indicator shows a recent buy signal, but overall indicators suggest weakness.",0,HOLD
NVO,NVO,2025-10-31,49.46,-1.1591,13.1193,-1.7968,-1.1559,-0.6409,0.0361,0.2191,47.07,51.08,113.24,45.38,BUY9,8,0,RSI_oversold MACD_bearish near_lower_band TD_recent_buy9 TD_buy_count_8,2,bearish,-2,"The momentum is strongly bearish with an RSI of 13.12 indicating oversold conditions and a MACD below zero. The price is near the lower Bollinger Band at 49.0245, with support at 47.07 and resistance at 51.08, while the TD indicator shows a recent buy signal but with a high sell count.",0,HOLD
OPEN.O,OPEN,2025-10-31,7.77,5.8583,55.814,0.04,0.0687,-0.0287,0.519,0.3507,7.34,8.06,10.52,0.512,BUY9,2,0,RSI_neutral MACD_bearish inside_bands high_volatility_bandwidth TD_recent_buy9 TD_buy_perfected TD_sell_perfected,0,neutral,0,"The stock is experiencing moderate momentum with an RSI of 55.81 and a MACD indicating bearish divergence. It is trading near the middle of the Bollinger Bands, with support at 7.34 and resistance at 8.06, suggesting a balanced outlook.",0,HOLD
ORCL.K,ORCL,2025-10-31,262.61,2.2266,28.6212,-4.4331,-0.5022,-3.931,0.0861,0.1955,256.89,283.33,328.33,122.82,BUY9,3,0,RSI_oversold MACD_bearish near_lower_band TD_recent_buy9 TD_buy_perfected TD_sell_perfected,2,bearish,-2,"The momentum is bearish with an RSI indicating oversold conditions at 28.62 and a MACD showing a significant negative divergence. The price is near the lower Bollinger Band at 257.80, with support at 256.89 and resistance at 283.33, while the TD indicator shows a recent buy signal but lacks strong bullish momentum.",0,HOLD
OSCR.K,OSCR,2025-10-31,18.0,-0.4975,36.9848,-0.1582,0.2108,-0.369,0.0666,0.2488,17.77,18.44,22.47,11.6,BUY9,6,0,RSI_neutral MACD_bearish near_lower_band on_support TD_recent_buy9 TD_sell_perfected TD_buy_count_6,1,bearish,-1,"The momentum is bearish with an RSI of 36.98 and a MACD indicating downward pressure. The price is near the lower Bollinger Band and on support at 17.77, while resistance is at 18.44, suggesting a lack of upward momentum.",0,HOLD
PFE,PFE,2025-10-31,24.65,1.4821,48.2143,-0.1273,-0.0762,-0.0511,0.4166,0.0957,24.6,24.7,28.52,21.59,BUY9,5,0,RSI_neutral MACD_bearish inside_bands on_support near_resistance TD_recent_buy9 TD_buy_perfected TD_sell_perfected TD_buy_count_5,0,neutral,0,"The momentum is neutral with an RSI of 48.21 and a bearish MACD. The price is near support at 24.6 and resistance at 24.7, while trading within Bollinger Bands, indicating a lack of strong directional movement.",0,HOLD
PLUG.O,PLUG,2025-10-31,2.69,1.5094,15.4286,0.0089,0.1539,-0.1451,0.1641,0.5744,2.65,2.93,4.13,0.7,BUY9,8,0,RSI_oversold MACD_bearish inside_bands high_volatility_bandwidth on_support TD_recent_buy9 TD_buy_perfected TD_sell_perfected TD_buy_count_8,2,bearish,-2,"The RSI indicates oversold conditions at 15.43, while the MACD shows bearish momentum with a negative histogram. Price is near support at 2.65, with resistance at 2.93, and the TD sequential shows a recent buy signal but lacks strong bullish momentum.",0,HOLD
V,V,2025-10-31,340.74,-1.2434,47.3749,-0.1514,0.2359,-0.3873,0.1839,0.0438,339.35,342.15,373.31,289.85,BUY9,3,0,RSI_neutral MACD_bearish inside_bands bollinger_squeeze on_support near_resistance TD_recent_buy9 TD_buy_perfected TD_sell_perfected,0,neutral,0,"The momentum is neutral with RSI at 47.37 and MACD showing bearish signals. The price is near support at 339.35 and resistance at 342.15, while Bollinger Bands indicate a squeeze, suggesting potential volatility ahead.",0,HOLD
XOM,XOM,2025-10-31,114.36,-0.2877,58.4127,0.6941,0.5456,0.1485,0.6045,0.0593,113.8,114.69,121.93,99.93,SELL9,2,0,RSI_neutral MACD_bullish inside_bands on_support near_resistance TD_recent_sell9 TD_buy_perfected TD_sell_perfected,0,neutral,0,"XOM is currently trading near resistance at 114.69 with a close of 114.36. The RSI indicates neutral momentum at 58.41, while the MACD shows bullish momentum. The price is above support at 113.8 and inside the Bollinger Bands, suggesting a consolidation phase.",0,HOLD
XYZ,XYZ,2025-10-31,75.94,2.7327,52.2616,0.1846,0.3959,-0.2113,0.3485,0.1138,75.92,76.12,98.92,46.53,BUY9,3,0,RSI_neutral MACD_bearish inside_bands on_support near_resistance TD_recent_buy9 TD_buy_perfected TD_sell_perfected,0,neutral,0,"The stock is currently at 75.94, just above support at 75.92 and near resistance at 76.12. RSI is neutral at 52.26, while MACD shows bearish momentum. The price is inside Bollinger Bands, indicating a lack of strong directional movement.",0,HOLD
FIGR.O,FIGR,2025-10-31,39.6,-2.607,39.3411,0.4371,0.817,-0.3799,0.2712,0.2749,38.46,40.03,49.17,31.11,BUY9,1,0,RSI_neutral MACD_bearish inside_bands high_volatility_bandwidth near_resistance TD_recent_buy9,-1,neutral,0,"The momentum is currently neutral with an RSI of 39.34 and a bearish MACD histogram. The price is near resistance at 40.03 and above support at 38.46, while trading within Bollinger Bands, indicating potential volatility.",-1,HOLD
MP,MP,2025-10-31,63.09,-2.8189,17.6089,-2.2782,-0.0679,-2.2103,0.1966,0.5351,62.72,63.15,98.65,15.6,BUY9,8,0,RSI_oversold MACD_bearish inside_bands high_volatility_bandwidth on_support near_resistance TD_recent_buy9 TD_buy_count_8,1,bearish,-2,"The stock is exhibiting strong bearish momentum with an RSI of 17.61 indicating oversold conditions, and a MACD that is significantly negative. It is currently near support at 62.72 and resistance at 63.15, while trading within the Bollinger Bands, suggesting high volatility.",-1,HOLD
MRVL.O,MRVL,2025-10-31,93.74,5.8372,57.2428,2.54,2.4245,0.1155,0.9984,0.1393,93.0,94.9,126.06,49.38,SELL9,0,5,RSI_neutral MACD_bullish near_upper_band on_support near_resistance TD_recent_sell9 TD_buy_perfected TD_sell_perfected TD_sell_count_5,-1,neutral,0,"The momentum is mixed with a neutral RSI and a bullish MACD. The price is near the upper Bollinger Band and close to resistance at 94.9, while support is at 93.0. The TD indicator shows a recent sell signal, indicating caution.",-1,HOLD
OXY,OXY,2025-10-31,41.2,1.2285,40.8408,-1.1087,-1.0933,-0.0154,0.3253,0.1468,41.12,41.46,52.7,36.11,BUY9,4,0,RSI_neutral MACD_bearish inside_bands on_support near_resistance TD_recent_buy9 TD_sell_perfected,-1,neutral,0,"The stock is currently at 41.2, near support at 41.12 and resistance at 41.46. RSI indicates neutral momentum while MACD is bearish. The price is inside Bollinger Bands, with a recent TD signal suggesting a potential buy but overall indicators show mixed signals.",-1,HOLD
PD,PD,2025-10-31,16.06,1.9683,48.9878,-0.0488,-0.0537,0.0049,0.5968,0.0569,16.04,16.07,21.65,13.92,SELL9,3,0,RSI_neutral MACD_bullish inside_bands on_support near_resistance TD_recent_sell9 TD_sell_perfected,-1,neutral,0,"The stock is currently trading near support at 16.04 and resistance at 16.07, with an RSI of 48.99 indicating neutral momentum. The MACD shows a slight bullish divergence, but the TD indicator has recently signaled a sell. Price is within Bollinger Bands, suggesting consolidation.",-1,HOLD
PDD.O,PDD,2025-10-31,134.87,-0.8382,70.2209,2.0984,1.6813,0.4171,0.6838,0.1194,134.25,135.24,138.08,88.35,SELL9,1,0,RSI_overbought MACD_bullish inside_bands on_support near_resistance TD_recent_sell9 TD_buy_perfected TD_sell_perfected,-1,neutral,0,"PDD is currently exhibiting a neutral trend with an RSI of 70.22 indicating overbought conditions. The MACD is bullish, but the recent TD signal suggests caution with a SELL9. Price is near resistance at 135.24 and support at 134.25, while trading within Bollinger Bands.",-1,HOLD
PYPL.O,PYPL,2025-10-31,69.27,1.9726,50.9879,0.0897,0.1546,-0.0649,0.4122,0.1507,69.25,69.42,91.81,57.41,BUY9,2,0,RSI_neutral MACD_bearish inside_bands on_support near_resistance TD_recent_buy9 TD_sell_perfected,-1,neutral,0,"The momentum is neutral with RSI at 50.99 and MACD showing a bearish histogram. Price is near support at 69.25 and resistance at 69.42, while trading within Bollinger Bands, indicating consolidation.",-1,HOLD
QUBT.O,QUBT,2025-10-31,16.71,11.6232,31.1657,-1.0032,-0.6677,-0.3356,0.3608,0.5937,16.68,16.89,25.68,1.05,BUY9,0,1,RSI_neutral MACD_bearish inside_bands high_volatility_bandwidth on_support near_resistance TD_recent_buy9 TD_sell_perfected,-1,neutral,0,"The momentum is weak with RSI at 31.17 and MACD indicating bearishness. The price is currently at support near 16.68 and close to resistance at 16.89, while trading within Bollinger Bands, suggesting indecision in the market.",-1,HOLD
RDDT.K,RDDT,2025-10-31,208.95,7.4735,52.6749,-3.904,-5.2828,1.3788,0.6768,0.1324,203.63,211.7,270.71,86.91,SELL9,2,0,RSI_neutral MACD_bullish inside_bands near_resistance TD_recent_sell9 TD_buy_perfected TD_sell_perfected,-1,neutral,0,"The momentum is mixed with RSI at 52.67 indicating neutrality, while MACD shows a bullish divergence. The price is near resistance at 211.7 and above support at 203.63, with Bollinger Bands indicating the price is inside the bands.",-1,HOLD
RR.O,RR,2025-10-31,4.82,-2.6263,32.321,0.0975,0.3107,-0.2132,0.1069,0.4491,4.45,5.54,7.06,0.53,BUY9,3,0,RSI_neutral MACD_bearish inside_bands high_volatility_bandwidth TD_recent_buy9 TD_buy_perfected TD_sell_perfected,0,bearish,-1,"The momentum is bearish with an RSI of 32.32 indicating oversold conditions, while the MACD shows a negative histogram. The price is below the Bollinger Bands' midline, and support is at 4.45, with resistance at 5.54.",-1,HOLD
USAR.O,USAR,2025-10-31,19.45,-1.1687,14.3228,-0.4438,1.1673,-1.6111,0.1567,0.8255,17.325,28.27,38.68,5.75,BUY9,8,0,RSI_oversold MACD_bearish inside_bands high_volatility_bandwidth TD_recent_buy9 TD_buy_perfected TD_sell_perfected TD_buy_count_8,1,bearish,-2,"The RSI is at 14.32, indicating oversold conditions, while the MACD shows bearish momentum with a negative histogram. Price is trading below the Bollinger Bands' midline and near support at 17.325, suggesting weakness in the trend.",-1,HOLD
AMD.O,AMD,2025-10-31,256.12,0.5023,71.1846,20.1907,19.6013,0.5894,0.7896,0.2873,254.84,259.67,264.33,78.21,SELL9,1,0,RSI_overbought MACD_bullish inside_bands high_volatility_bandwidth near_52w_high on_support near_resistance TD_recent_sell9 TD_buy_perfected TD_sell_perfected,-2,neutral,0,"AMD shows strong momentum with an RSI of 71.18 and a bullish MACD, indicating potential overbought conditions. The price is near resistance at 259.67 and support at 254.84, while trading within Bollinger Bands, suggesting high volatility.",-2,SELL
ANET.K,ANET,2025-10-31,157.69,-0.4734,61.8464,3.7634,2.8348,0.9285,0.7618,0.1685,156.77,158.23,162.03,64.37,SELL9,0,8,RSI_neutral MACD_bullish inside_bands near_52w_high on_support near_resistance TD_recent_sell9 TD_sell_perfected TD_sell_count_8,-2,neutral,0,"The momentum is mixed with RSI at 61.85 indicating neutrality, while MACD shows bullish characteristics. Price is near key levels of support at 156.77 and resistance at 158.23, with the TD indicator signaling a recent sell pattern.",-2,SELL
JPM,JPM,2025-10-31,311.12,0.5429,53.3026,0.2809,-0.8309,1.1118,0.9116,0.0638,307.55,314.78,316.06,210.28,SELL9,0,5,RSI_neutral MACD_bullish near_upper_band near_52w_high on_support near_resistance TD_recent_sell9 TD_buy_perfected TD_sell_perfected TD_sell_count_5,-2,neutral,0,"JPM is currently trading near the upper Bollinger Band and 52-week high, with an RSI of 53.3 indicating neutral momentum. The MACD is bullish, but the TD sequential shows a recent sell signal, suggesting caution near resistance at 314.78 and support at 307.55.",-2,SELL
NKE,NKE,2025-10-31,64.59,-0.4777,36.8768,-1.4249,-1.2215,-0.2034,0.0263,0.0982,63.29,64.96,81.72,53.27,BUY9,4,0,RSI_neutral MACD_bearish near_lower_band near_resistance TD_recent_buy9 TD_sell_perfected,-1,bearish,-1,"The momentum is bearish with an RSI of 36.88 and a MACD indicating downward pressure. The price is near the lower Bollinger Band at 64.41, with support at 63.29 and resistance at 64.96, suggesting a lack of upward momentum.",-2,SELL
NVDA.O,NVDA,2025-10-31,202.49,-0.1971,65.3588,5.2844,3.1794,2.1051,0.9241,0.1776,185.04,207.04,207.04,94.31,SELL9,0,6,RSI_neutral MACD_bullish near_upper_band near_52w_high TD_recent_sell9 TD_buy_perfected TD_sell_perfected TD_sell_count_6,-2,neutral,0,"The momentum is mixed with RSI at 65.36 indicating neutrality, while MACD shows bullish characteristics. The price is near the upper Bollinger Band and 52-week high at 207.04, but the TD indicator suggests a recent sell signal with a count of 6.",-2,SELL
SOFI.O,SOFI,2025-10-31,29.68,2.2391,59.1367,0.8719,0.7134,0.1586,0.7369,0.2033,29.03,29.81,31.66,9.5,SELL9,1,0,RSI_neutral MACD_bullish inside_bands near_resistance TD_recent_sell9 TD_sell_perfected,-2,neutral,0,"The momentum is mixed with a neutral RSI and a bullish MACD. The price is near resistance at 29.81 and above support at 29.03, while the TD indicator shows a recent sell signal, indicating caution in the current trend.",-2,SELL
TWLO.K,TWLO,2025-10-31,134.88,19.5109,78.9124,3.4619,1.7442,1.7177,1.4831,0.2122,131.06,,148.35,70.57,SELL9,0,8,RSI_overbought MACD_bullish near_upper_band TD_recent_sell9 TD_buy_perfected TD_sell_count_8,-1,bearish,-1,"TWLO shows strong momentum with a high RSI of 78.91 and a bullish MACD, but is currently near the upper Bollinger Band, indicating potential overbought conditions. The TD Sequential indicates a recent sell signal, with 8 sell counts, suggesting a weakening trend despite the recent price surge.",-2,SELL
WULF.O,WULF,2025-10-31,15.5,4.5884,57.2394,0.9277,0.8932,0.0345,0.8648,0.3289,14.5,15.94,15.94,2.24,SELL9,0,5,RSI_neutral MACD_bullish inside_bands high_volatility_bandwidth near_52w_high TD_recent_sell9 TD_sell_perfected TD_sell_count_5,-2,neutral,0,"The momentum is mixed with the RSI at 57.24 indicating neutrality, while the MACD shows bullish momentum. The price is near the 52-week high of 15.94, with support at 14.5 and resistance at 15.94, but the TD indicator suggests a recent sell signal.",-2,SELL
AMZN.O,AMZN,2025-10-31,244.22,9.5845,69.7143,2.1953,-0.1233,2.3186,1.281,0.126,232.33,,244.22,167.32,SELL9,0,1,RSI_neutral MACD_bullish near_upper_band near_52w_high TD_recent_sell9 TD_sell_perfected,-3,neutral,0,"AMZN is currently at a 52-week high with a close of 244.22, showing strong momentum as indicated by a bullish MACD. However, the RSI is nearing overbought levels and a recent TD sell signal suggests caution, while it trades near the upper Bollinger Band.",-3,SELL
APLD.O,APLD,2025-10-31,34.66,2.0913,51.1053,2.7202,3.1917,-0.4715,0.6358,0.3501,34.33,35.9,37.76,3.44,SELL9,0,5,RSI_neutral MACD_bearish inside_bands high_volatility_bandwidth on_support TD_recent_sell9 TD_buy_perfected TD_sell_perfected TD_sell_count_5,-3,neutral,0,"The momentum is mixed with RSI at 51.11 indicating neutrality, while MACD shows a bearish divergence. The price is currently on support at 34.33, with resistance at 35.9, and is trading within Bollinger Bands suggesting high volatility.",-3,SELL
LKNCY.PK,LKNCY,2025-10-31,40.1,1.1604,52.9076,0.2955,0.4011,-0.1056,0.3943,0.1009,39.64,40.56,43.03,21.71,SELL9,2,0,RSI_neutral MACD_bearish inside_bands on_support near_resistance TD_recent_sell9 TD_buy_perfected,-3,neutral,0,"The stock is currently trading near support at 39.64 and resistance at 40.56, with an RSI of 52.91 indicating neutral momentum. The MACD is bearish, while the TD indicator shows a recent sell signal. Price is inside the Bollinger Bands, suggesting consolidation.",-3,SELL
LRCX.O,LRCX,2025-10-31,157.46,-2.2048,72.6226,7.9908,7.3119,0.6789,0.8401,0.2196,155.62,161.01,161.01,59.09,SELL9,0,7,RSI_overbought MACD_bullish inside_bands near_52w_high on_support TD_recent_sell9 TD_buy_perfected TD_sell_perfected TD_sell_count_7,-1,bearish,-2,"The stock is experiencing a bearish momentum with a recent decline of 2.2%. RSI is in overbought territory at 72.62, while the TD sequential shows a SELL9 signal with 7 consecutive sell counts. Price is near resistance at 161.01 and on support at 155.62, indicating potential volatility.",-3,SELL
MS,MS,2025-10-31,164.0,-0.7624,64.2926,2.4324,2.0527,0.3797,0.7607,0.1,158.67,165.26,166.02,99.83,SELL9,1,0,RSI_neutral MACD_bullish inside_bands near_52w_high near_resistance TD_recent_sell9 TD_sell_perfected,-3,neutral,0,"The momentum is mixed with a bullish MACD and a neutral RSI, while the price is near resistance at 165.26 and close to the 52-week high of 166.02. The TD indicator shows a recent sell signal, indicating potential caution. The price is within Bollinger Bands, suggesting consolidation.",-3,SELL
MXL.O,MXL,2025-10-31,15.15,-0.6557,46.1538,-0.1868,0.0375,-0.2242,0.204,0.2365,15.12,15.25,24.92,9.15,SELL9,6,0,RSI_neutral MACD_bearish inside_bands on_support near_resistance TD_recent_sell9 TD_buy_perfected TD_buy_count_6,-3,neutral,0,"The stock is currently near support at 15.12 and resistance at 15.25, with an RSI of 46.15 indicating neutral momentum. The MACD is bearish, and the TD indicator shows a recent sell signal, suggesting a cautious outlook while trading within the Bollinger Bands.",-3,SELL
QCOM.O,QCOM,2025-10-31,180.9,2.0535,71.9871,4.1678,2.7837,1.3841,0.8673,0.1876,177.26,187.68,187.68,124.66,SELL9,1,0,RSI_overbought MACD_bullish inside_bands TD_recent_sell9 TD_sell_perfected,-2,bearish,-1,"QCOM shows a strong bullish MACD but is in overbought territory with an RSI of 71.99. The price is near resistance at 187.68, with a recent TD sell signal indicating potential weakness. Support is at 177.26.",-3,SELL
SOUN.O,SOUN,2025-10-31,17.62,4.4458,42.5197,0.2661,0.6176,-0.3515,0.2831,0.2476,17.36,18.05,24.23,5.03,SELL9,4,0,RSI_neutral MACD_bearish inside_bands on_support TD_recent_sell9,-3,neutral,0,"The momentum is neutral with RSI at 42.52 and MACD showing bearish divergence. Price is near support at 17.36 and resistance at 18.05, while trading within Bollinger Bands, indicating a lack of strong directional movement.",-3,SELL
SYM.O,SYM,2025-10-31,80.95,4.7761,61.1396,4.6252,4.0993,0.5258,1.0898,0.2524,77.26,,80.95,17.5,SELL9,0,5,RSI_neutral MACD_bullish near_upper_band high_volatility_bandwidth near_52w_high TD_recent_sell9 TD_sell_perfected TD_sell_count_5,-3,neutral,0,"The momentum is mixed with a bullish MACD and a neutral RSI, while the price is near the upper Bollinger Band and the 52-week high. The TD Sequential indicates a recent sell signal, and support is identified at 77.26 with no clear resistance level present.",-3,SELL
AAPL.O,AAPL,2025-10-31,270.37,-0.3795,80.5324,6.2959,5.3027,0.9931,0.8568,0.1286,258.45,271.4,271.4,172.42,SELL9,0,8,RSI_overbought MACD_bullish inside_bands near_52w_high near_resistance TD_recent_sell9 TD_buy_perfected TD_sell_perfected TD_sell_count_8,-3,bearish,-1,"AAPL shows overbought conditions with an RSI of 80.53 and a recent TD sell signal. The price is near resistance at 271.4 and the upper Bollinger Band at 275.13, indicating potential price exhaustion despite bullish MACD momentum.",-4,SELL
CLSK.O,CLSK,2025-10-31,17.8,0.6218,43.4922,0.931,1.4188,-0.4877,0.2572,0.3129,17.69,20.09,23.2,6.72,SELL9,2,0,RSI_neutral MACD_bearish inside_bands high_volatility_bandwidth on_support TD_recent_sell9 TD_buy_perfected TD_sell_perfected,-3,bearish,-1,"The momentum is bearish with the MACD histogram negative and RSI indicating neutrality. The price is near support at 17.69, while resistance is at 20.09, and the TD indicator shows a recent sell signal, suggesting caution in the current trend.",-4,SELL
COIN.O,COIN,2025-10-31,343.78,4.6483,45.6833,0.6062,1.9484,-1.3422,0.4156,0.23,335.33,357.1,419.78,151.47,SELL9,2,0,RSI_neutral MACD_bearish inside_bands TD_recent_sell9 TD_buy_perfected,-3,bearish,-1,"The momentum is bearish with the MACD below its signal line and a recent TD sell signal. The RSI is neutral, indicating a lack of strong buying pressure, while the price is near support at 335.33 and below the mid-Bollinger band at 350.587.",-4,SELL
CRWV.O,CRWV,2025-10-31,133.71,2.022,44.1744,2.0756,2.7067,-0.6311,0.4826,0.1845,131.06,136.06,183.58,35.415,SELL9,2,0,RSI_neutral MACD_bearish inside_bands on_support near_resistance TD_recent_sell9,-4,neutral,0,"The momentum is neutral with RSI at 44.17 and MACD showing bearish divergence. The price is near support at 131.06 and resistance at 136.06, while currently trading within Bollinger Bands, indicating a lack of strong directional movement.",-4,SELL
IREN.O,IREN,2025-10-31,60.75,4.3456,46.2837,4.017,5.1568,-1.1398,0.4872,0.267,60.09,61.68,69.56,5.3,SELL9,2,0,RSI_neutral MACD_bearish inside_bands high_volatility_bandwidth on_support near_resistance TD_recent_sell9 TD_buy_perfected TD_sell_perfected,-4,neutral,0,"The stock is currently at 60.75, near support at 60.09 and resistance at 61.68. RSI is neutral at 46.28, while MACD indicates bearish momentum. The price is inside Bollinger Bands, suggesting high volatility, with a recent TD signal indicating a sell.",-4,SELL
JHX,JHX,2025-10-31,20.93,-0.8527,46.0342,0.1827,0.2706,-0.0879,0.1759,0.1052,20.27,21.84,37.2,18.23,SELL9,3,0,RSI_neutral MACD_bearish inside_bands TD_recent_sell9 TD_buy_perfected,-3,bearish,-1,"The momentum is bearish with the RSI at 46.03 and MACD indicating a negative histogram. The price is below the Bollinger midline and near support at 20.27, while resistance is at 21.84, suggesting a lack of upward momentum.",-4,SELL
JNJ,JNJ,2025-10-31,188.87,-0.0952,43.1372,1.6134,2.5749,-0.9615,0.2895,0.0406,188.16,189.05,193.72,142.06,SELL9,7,0,RSI_neutral MACD_bearish inside_bands bollinger_squeeze on_support near_resistance TD_recent_sell9 TD_buy_perfected TD_buy_count_7,-3,bearish,-1,"The momentum is bearish with the RSI at 43.14 and a MACD histogram indicating downward pressure. The price is near support at 188.16 but also close to resistance at 189.05, while Bollinger Bands suggest a squeeze, indicating potential volatility.",-4,SELL
META.O,META,2025-10-31,648.35,-2.7188,29.5102,-9.9028,-4.6025,-5.3003,-0.2097,0.1399,640.34,656.47,790.0,484.66,SELL9,2,0,RSI_oversold MACD_bearish near_lower_band on_support near_resistance TD_recent_sell9 TD_buy_perfected TD_sell_perfected,-2,bearish,-2,"The momentum is bearish with an RSI of 29.51 indicating oversold conditions, and MACD showing a strong negative divergence. The price is near the lower Bollinger Band and support at 640.34, while resistance is at 656.47, with a recent TD sell signal suggesting continued downward pressure.",-4,SELL
MU.O,MU,2025-10-31,223.77,-0.1071,73.8315,15.3973,14.701,0.6963,0.859,0.2749,202.38,226.63,226.63,64.72,SELL9,0,7,RSI_overbought MACD_bullish inside_bands high_volatility_bandwidth near_52w_high near_resistance TD_recent_sell9 TD_sell_count_7,-3,bearish,-1,"The momentum is showing signs of weakness with a high RSI indicating overbought conditions and a recent TD sell signal. The price is near resistance at 226.63, while support is at 202.38, suggesting potential for a pullback.",-4,SELL
NEE,NEE,2025-10-31,81.4,-0.294,38.6185,1.3807,2.1081,-0.7274,0.0454,0.0609,78.18,84.04,86.03,64.11,SELL9,3,0,RSI_neutral MACD_bearish near_lower_band TD_recent_sell9 TD_buy_perfected TD_sell_perfected,-3,bearish,-1,"The momentum is bearish with an RSI of 38.62 indicating oversold conditions. The MACD is below its signal line, and the price is near the lower Bollinger Band at 81.1684, with support at 78.18 and resistance at 84.04. The TD indicator shows a recent sell signal.",-4,SELL
PLTR.O,PLTR,2025-10-31,200.47,3.0429,74.6294,5.3176,3.6439,1.6737,1.0884,0.1545,194.55,,200.47,41.41,SELL9,0,7,RSI_overbought MACD_bullish near_upper_band near_52w_high TD_recent_sell9 TD_buy_perfected TD_sell_perfected TD_sell_count_7,-3,bearish,-1,"The momentum is weakening as indicated by the overbought RSI at 74.63 and a recent TD sell signal. The price is near the upper Bollinger Band and 52-week high, but the MACD shows bullish momentum. Key support is at 194.55.",-4,SELL
RIOT.O,RIOT,2025-10-31,19.78,-6.2115,44.3761,0.7697,1.0443,-0.2745,0.1392,0.1922,19.55,21.56,23.0,6.29,SELL9,2,0,RSI_neutral MACD_bearish inside_bands on_support TD_recent_sell9 TD_buy_perfected TD_sell_perfected,-3,bearish,-1,"The momentum is bearish with the MACD below its signal line and a recent TD sell signal. The price is near support at 19.55, while the RSI indicates neutral conditions. The stock is trading within Bollinger Bands, suggesting limited volatility.",-4,SELL
SMTC.O,SMTC,2025-10-31,67.86,0.0737,49.0289,1.1744,1.5987,-0.4243,0.3764,0.0951,67.81,68.27,77.15,24.34,SELL9,1,0,RSI_neutral MACD_bearish inside_bands on_support near_resistance TD_recent_sell9 TD_buy_perfected TD_sell_perfected,-4,neutral,0,"The stock is currently at 67.86, near support at 67.81 and resistance at 68.27. RSI is neutral at 49.03, while MACD shows bearish momentum with a negative histogram. The price is inside Bollinger Bands, indicating a lack of strong trend direction.",-4,SELL
SNOW.K,SNOW,2025-10-31,274.88,1.3644,75.6646,10.7869,8.5078,2.279,0.9956,0.1899,242.17,,274.88,113.74,SELL9,0,8,RSI_overbought MACD_bullish near_upper_band near_52w_high TD_recent_sell9 TD_buy_perfected TD_sell_perfected TD_sell_count_8,-3,bearish,-1,"The momentum shows signs of weakness with an overbought RSI at 75.66 and a recent TD sell signal. The price is near the upper Bollinger Band and the 52-week high, but the MACD indicates bullish momentum. Key support is at 242.17.",-4,SELL
TTD.O,TTD,2025-10-31,50.28,2.6751,46.909,-0.1549,0.09,-0.2449,0.232,0.1271,49.9,51.1,139.51,43.93,SELL9,6,0,RSI_neutral MACD_bearish inside_bands on_support near_resistance TD_recent_sell9 TD_buy_perfected TD_sell_perfected TD_buy_count_6,-4,neutral,0,"The stock is currently at 50.28, near support at 49.9 and resistance at 51.1. RSI is neutral at 46.91, while MACD indicates bearish momentum. The price is within Bollinger Bands, suggesting a lack of volatility.",-4,SELL
WDAY.O,WDAY,2025-10-31,239.92,3.0274,53.1923,0.6062,1.1319,-0.5256,0.6441,0.0747,238.04,240.0,279.91,210.47,SELL9,0,1,RSI_neutral MACD_bearish inside_bands on_support near_resistance TD_recent_sell9 TD_buy_perfected TD_sell_perfected,-4,neutral,0,"WDAY shows a neutral momentum with an RSI of 53.19 and a MACD indicating bearish divergence. The price is near support at 238.04 and resistance at 240.0, while trading within Bollinger Bands, suggesting consolidation.",-4,SELL
ACHR.K,ACHR,2025-10-31,11.22,2.3723,34.8337,0.1457,0.3196,-0.1739,0.301,0.2758,11.14,11.34,13.64,3.15,SELL9,2,0,RSI_neutral MACD_bearish inside_bands high_volatility_bandwidth on_support near_resistance TD_recent_sell9 TD_buy_perfected TD_sell_perfected,-4,bearish,-1,"The momentum is bearish with the RSI at 34.83 indicating potential weakness, while the MACD shows a negative histogram. The price is near support at 11.14 and resistance at 11.34, with the TD indicator signaling a recent sell.",-5,SELL
AI,AI,2025-10-31,17.58,3.2296,36.5817,-0.1678,-0.0457,-0.1221,0.236,0.1566,17.56,17.95,42.94,15.46,SELL9,3,0,RSI_neutral MACD_bearish inside_bands on_support TD_recent_sell9 TD_sell_perfected,-4,bearish,-1,"The stock is showing bearish momentum with an RSI of 36.58 and a MACD indicating downward pressure. It is currently testing support at 17.56, with resistance nearby at 17.95, while trading within Bollinger Bands, suggesting limited upward movement.",-5,SELL
B,B,2025-10-31,32.8,-0.7865,47.524,0.2113,0.4605,-0.2491,0.4426,0.1341,32.77,33.06,35.65,15.23,SELL9,0,5,RSI_neutral MACD_bearish inside_bands on_support near_resistance TD_recent_sell9 TD_buy_perfected TD_sell_perfected TD_sell_count_5,-4,bearish,-1,"The momentum is bearish with the MACD histogram negative and the TD indicator showing a recent sell signal. The price is near support at 32.77 and resistance at 33.06, while the RSI indicates neutral momentum. The stock is trading within Bollinger Bands, suggesting limited volatility.",-5,SELL
BBAI.K,BBAI,2025-10-31,6.92,2.6706,24.8,0.004,0.1393,-0.1353,0.3163,0.3501,6.78,7.09,9.78,1.58,SELL9,2,0,RSI_oversold MACD_bearish inside_bands high_volatility_bandwidth TD_recent_sell9 TD_buy_perfected TD_sell_perfected,-3,bearish,-2,"The RSI indicates oversold conditions at 24.8, while the MACD shows a bearish trend with a negative histogram. Price is near support at 6.78, with resistance at 7.09, and the TD signals a recent sell, suggesting continued downward momentum.",-5,SELL
BIDU.O,BIDU,2025-10-31,120.87,-0.7717,43.4759,-0.0389,0.6738,-0.7127,0.3402,0.2339,120.01,121.58,144.91,76.86,SELL9,2,0,RSI_neutral MACD_bearish inside_bands on_support near_resistance TD_recent_sell9 TD_buy_perfected TD_sell_perfected,-4,bearish,-1,"The momentum is bearish with the RSI at 43.48 and MACD indicating a negative trend. The price is near support at 120.01 but also close to resistance at 121.58, while the TD indicator shows a recent sell signal.",-5,SELL
CIFR.O,CIFR,2025-10-31,18.65,-2.2024,44.1924,1.5961,1.9023,-0.3061,0.4985,0.365,16.97,19.91,21.03,2.1,SELL9,2,0,RSI_neutral MACD_bearish inside_bands high_volatility_bandwidth TD_recent_sell9 TD_buy_perfected TD_sell_perfected,-4,bearish,-1,"The momentum is bearish with the MACD histogram negative and the RSI indicating neutrality. The price is near the middle of the Bollinger Bands, with support at 16.97 and resistance at 19.91, while the TD indicator shows a recent sell signal.",-5,SELL
GOOGL.O,GOOGL,2025-10-31,281.19,-0.103,84.6817,9.6153,7.0013,2.6141,1.0109,0.1968,267.47,281.48,281.48,144.7,SELL9,0,6,RSI_overbought MACD_bullish near_upper_band near_52w_high near_resistance TD_recent_sell9 TD_buy_perfected TD_sell_perfected TD_sell_count_6,-4,bearish,-1,"GOOGL is showing bearish momentum with an RSI in overbought territory at 84.68 and a recent TD sell signal. The price is near the upper Bollinger Band and 52-week high, with resistance at 281.48 and support at 267.47, indicating potential weakness.",-5,SELL
INTC.O,INTC,2025-10-31,39.99,-0.4233,61.4938,2.2749,2.3653,-0.0904,0.8016,0.1674,36.92,41.53,41.53,18.13,SELL9,0,8,RSI_neutral MACD_bearish inside_bands TD_recent_sell9 TD_sell_count_8,-4,bearish,-1,"The momentum is bearish with the MACD histogram negative and a recent TD sell signal. The RSI indicates neutral momentum, while the price is near the upper Bollinger Band, suggesting potential resistance at 41.53, with support at 36.92.",-5,SELL
IONQ.K,IONQ,2025-10-31,62.38,3.6729,28.9198,-1.0268,0.1065,-1.1333,0.3636,0.5027,61.5,62.8,82.09,14.37,SELL9,2,0,RSI_oversold MACD_bearish inside_bands high_volatility_bandwidth on_support near_resistance TD_recent_sell9 TD_buy_perfected TD_sell_perfected,-3,bearish,-2,"The momentum is bearish with an RSI indicating oversold conditions at 28.92 and a MACD below zero. The price is near support at 61.5 and resistance at 62.8, while the TD indicator shows a recent sell signal. The Bollinger Bands indicate high volatility with the price inside the bands.",-5,SELL
NB.O,NB,2025-10-31,7.37,-7.4121,30.4068,0.15,0.475,-0.325,0.2042,0.5547,7.31,7.63,11.67,1.3,SELL9,0,1,RSI_neutral MACD_bearish inside_bands high_volatility_bandwidth on_support TD_recent_sell9 TD_buy_perfected TD_sell_perfected,-3,bearish,-2,"The stock is experiencing bearish momentum with an RSI of 30.41 indicating oversold conditions. The MACD is also bearish, and the price is near support at 7.31, while resistance is at 7.63. The TD indicator shows a recent sell signal, reinforcing the bearish outlook.",-5,SELL
NBIS.O,NBIS,2025-10-31,130.82,5.3471,47.0287,5.0772,5.0954,-0.0182,0.7589,0.3213,129.58,132.64,135.46,17.6,SELL9,0,6,RSI_neutral MACD_bearish inside_bands high_volatility_bandwidth near_52w_high on_support near_resistance TD_recent_sell9 TD_buy_perfected TD_sell_count_6,-4,bearish,-1,"The momentum is bearish with the MACD histogram negative and the TD Sequential indicating a recent sell signal. The price is near support at 129.58 and resistance at 132.64, while the RSI suggests neutral conditions, indicating potential indecision in the market.",-5,SELL
OKLO.K,OKLO,2025-10-31,132.77,-3.3627,31.5977,4.2908,7.9726,-3.6818,0.3075,0.4342,132.28,137.43,174.14,18.0,SELL9,1,0,RSI_neutral MACD_bearish inside_bands high_volatility_bandwidth on_support TD_recent_sell9 TD_buy_perfected TD_sell_perfected,-3,bearish,-2,"The momentum is bearish with an RSI of 31.6 indicating oversold conditions. The MACD is negative, and the price is near support at 132.28, while resistance is at 137.43. The TD indicator shows a recent sell signal, suggesting continued downward pressure.",-5,SELL
QBTS.K,QBTS,2025-10-31,37.06,2.6309,45.2533,1.9592,2.4754,-0.5162,0.5881,0.459,34.25,44.78,44.78,0.999,SELL9,0,5,RSI_neutral MACD_bearish inside_bands high_volatility_bandwidth TD_recent_sell9 TD_buy_perfected TD_sell_perfected TD_sell_count_5,-4,bearish,-1,"The momentum is currently bearish with the RSI at 45.25 and a negative MACD histogram. The price is near support at 34.25, while resistance is at 44.78, indicating potential volatility within the Bollinger Bands.",-5,SELL
RGTI.O,RGTI,2025-10-31,44.27,4.1157,35.9147,2.2692,3.4076,-1.1384,0.5054,0.5228,43.92,47.11,56.34,1.12,SELL9,0,2,RSI_neutral MACD_bearish inside_bands high_volatility_bandwidth on_support TD_recent_sell9 TD_sell_perfected,-4,bearish,-1,"The momentum is bearish with the RSI at 35.91 indicating potential weakness. The MACD shows a negative histogram, and the TD Sequential indicates a recent sell signal. Price is near support at 43.92, with resistance at 47.11.",-5,SELL
RKLB.O,RKLB,2025-10-31,62.98,3.3815,46.1085,2.5824,3.5083,-0.926,0.3425,0.1633,60.92,65.62,69.27,10.7,SELL9,2,0,RSI_neutral MACD_bearish inside_bands TD_recent_sell9 TD_buy_perfected TD_sell_perfected,-4,bearish,-1,"The momentum is bearish as indicated by the MACD histogram being negative and the TD signal showing a recent sell. The RSI is neutral, while the price is trading below the Bollinger midline and near support at 60.92, with resistance at 65.62.",-5,SELL
SERV.O,SERV,2025-10-31,13.23,1.5349,33.195,0.0984,0.4137,-0.3153,0.2377,0.3706,13.03,13.365,22.92,5.13,SELL9,2,0,RSI_neutral MACD_bearish inside_bands high_volatility_bandwidth on_support near_resistance TD_recent_sell9 TD_buy_perfected TD_sell_perfected,-4,bearish,-1,"The momentum is bearish with an RSI of 33.2 indicating potential oversold conditions, while the MACD shows a negative histogram. The price is near support at 13.03 and resistance at 13.365, with the TD indicator signaling a recent sell.",-5,SELL
TTWO.O,TTWO,2025-10-31,256.37,1.4202,49.4227,0.7889,1.8673,-1.0785,0.4704,0.0512,255.4,257.68,262.29,161.72,SELL9,0,1,RSI_neutral MACD_bearish inside_bands on_support near_resistance TD_recent_sell9 TD_buy_perfected TD_sell_perfected,-4,bearish,-1,"The momentum is bearish as indicated by the MACD histogram being negative and the TD signal showing a recent sell. The price is near support at 255.4 and resistance at 257.68, with the RSI indicating neutral conditions. The price is also inside the Bollinger Bands, suggesting limited volatility.",-5,SELL
VST,VST,2025-10-31,188.3,-0.7432,36.8454,-2.8236,-1.7805,-1.0431,0.1719,0.1623,188.23,189.73,217.92,98.07,SELL9,2,0,RSI_neutral MACD_bearish inside_bands on_support near_resistance TD_recent_sell9 TD_buy_perfected,-3,bearish,-2,"The stock is showing bearish momentum with an RSI of 36.85 and a MACD below its signal line, indicating downward pressure. It is currently near support at 188.23 and resistance at 189.73, while trading within Bollinger Bands, suggesting limited volatility.",-5,SELL
BABA.K,BABA,2025-10-31,170.43,-2.0123,53.4203,3.0512,3.6884,-0.6372,0.4393,0.1656,165.86,173.47,189.34,80.53,SELL9,2,0,RSI_neutral MACD_bearish inside_bands near_resistance TD_recent_sell9 TD_buy_perfected TD_sell_perfected,-5,bearish,-1,"The momentum is currently bearish with a MACD histogram below zero and a recent TD sell signal. The price is near resistance at 173.47 and has support at 165.86, while the RSI indicates a neutral stance. The price is trading inside Bollinger Bands, suggesting limited volatility.",-6,SELL
CCCX.O,CCCX,2025-10-31,19.26,7.8387,34.6065,1.1758,1.7228,-0.5471,0.3843,0.462,17.86,21.34,25.95,10.1,SELL9,3,0,RSI_neutral MACD_bearish inside_bands high_volatility_bandwidth TD_recent_sell9 TD_sell_perfected,-5,bearish,-1,"The momentum is bearish with an RSI of 34.61 indicating oversold conditions, while the MACD shows a negative histogram. Price is below the Bollinger Bands' midline and near support at 17.86, with resistance at 21.34, and a recent TD sell signal suggests continued downward pressure.",-6,SELL
LMT,LMT,2025-10-31,491.88,0.4411,39.6751,0.6248,2.8088,-2.1841,0.366,0.0803,487.14,499.21,570.58,410.74,SELL9,0,2,RSI_neutral MACD_bearish inside_bands on_support near_resistance TD_recent_sell9 TD_buy_perfected TD_sell_perfected,-4,bearish,-2,"The momentum is bearish with the RSI at 39.68 and MACD indicating a negative histogram. The price is near support at 487.14 but below the mid-Bollinger band, with resistance at 499.21 and a recent TD sell signal suggesting further downside potential.",-6,SELL
TEM.O,TEM,2025-10-31,89.85,4.1498,44.5416,0.7033,1.4647,-0.7614,0.4165,0.192,87.78,91.58,103.25,31.83,SELL9,2,0,RSI_neutral MACD_bearish inside_bands near_resistance TD_recent_sell9 TD_buy_perfected TD_sell_perfected,-5,bearish,-1,"The momentum is bearish as indicated by the MACD histogram being negative and the TD signal showing a recent sell. The price is near resistance at 91.58, with support at 87.78, while the RSI indicates neutral conditions. The stock is trading within Bollinger Bands, suggesting limited volatility.",-6,SELL
TSM,TSM,2025-10-31,300.43,-0.9201,47.8668,6.8401,7.7501,-0.91,0.6112,0.0806,295.94,302.4,305.09,141.37,SELL9,0,5,RSI_neutral MACD_bearish inside_bands near_52w_high on_support near_resistance TD_recent_sell9 TD_buy_perfected TD_sell_perfected TD_sell_count_5,-5,bearish,-1,"The momentum is bearish with the MACD histogram negative and the TD sequential indicating a recent sell signal. The price is near support at 295.94 and resistance at 302.4, while the RSI is neutral, suggesting indecision in the market.",-6,SELL
UNH,UNH,2025-10-31,341.56,-0.9253,34.2831,2.4387,5.9252,-3.4864,-0.1543,0.0777,339.78,341.61,625.25,237.77,SELL9,3,0,RSI_neutral MACD_bearish near_lower_band on_support near_resistance TD_recent_sell9 TD_sell_perfected,-4,bearish,-2,"The momentum is bearish with an RSI of 34.28 indicating oversold conditions. The MACD shows a negative histogram and a recent TD sell signal suggests continued downward pressure. Price is near support at 339.78 and resistance at 341.61, with the close below the middle Bollinger band.",-6,SELL
UUUU.K,UUUU,2025-10-31,20.51,-6.0037,42.2749,1.1746,1.6144,-0.4398,0.4419,0.4306,19.1,21.37,26.23,3.44,SELL9,0,2,RSI_neutral MACD_bearish inside_bands high_volatility_bandwidth TD_recent_sell9 TD_buy_perfected TD_sell_perfected,-4,bearish,-2,"The momentum is bearish with the RSI at 42.27 indicating a lack of strength, while the MACD shows a negative histogram. The price is below the Bollinger midline and near support at 19.1, with a recent TD sell signal suggesting further downside potential.",-6,SELL
WMT,WMT,2025-10-31,101.18,-1.0271,47.5418,0.04,0.7267,-0.6867,0.1459,0.0923,100.51,102.29,109.03,81.39,SELL9,7,0,RSI_neutral MACD_bearish inside_bands on_support near_resistance TD_recent_sell9 TD_sell_perfected TD_buy_count_7,-5,bearish,-1,"WMT shows bearish momentum with an RSI of 47.54 and a MACD histogram below zero, indicating weakening momentum. The price is near support at 100.51 and resistance at 102.29, while the TD indicator has recently signaled a sell. The stock is trading inside Bollinger Bands, suggesting limited volatility.",-6,SELL
AMAT.O,AMAT,2025-10-31,233.1,0.2365,63.4638,8.8055,9.445,-0.6395,0.8111,0.1206,232.55,235.75,235.75,126.95,SELL9,0,7,RSI_neutral MACD_bearish inside_bands near_52w_high on_support near_resistance TD_recent_sell9 TD_sell_perfected TD_sell_count_7,-6,bearish,-1,"AMAT shows a bearish momentum with the MACD histogram negative and a recent TD sell signal. The price is near resistance at 235.75 and on support at 232.55, while the RSI indicates a neutral stance. The stock is trading within Bollinger Bands, suggesting limited volatility.",-7,SELL
ASTS.O,ASTS,2025-10-31,80.25,4.6557,39.4439,4.5361,6.1373,-1.6012,0.4665,0.3448,77.77,86.79,95.69,17.72,SELL9,0,5,RSI_neutral MACD_bearish inside_bands high_volatility_bandwidth TD_recent_sell9 TD_sell_perfected TD_sell_count_5,-5,bearish,-2,"The momentum is bearish with the RSI at 39.44 indicating potential weakness, while the MACD shows a negative histogram. The price is below the Bollinger midline and near support at 77.77, with a recent TD sell signal and multiple sell counts suggesting continued downward pressure.",-7,SELL
CEG.O,CEG,2025-10-31,377.0,-1.4328,48.8161,10.3328,11.5594,-1.2266,0.4715,0.1541,368.49,383.23,403.95,170.96,SELL9,2,0,RSI_neutral MACD_bearish inside_bands near_resistance TD_recent_sell9 TD_sell_perfected,-6,bearish,-1,"The momentum is bearish with the MACD histogram negative and the TD indicator showing a recent sell signal. The price is near resistance at 383.23, while the RSI indicates neutral momentum. Support is at 368.49, and the price is currently inside the Bollinger Bands.",-7,SELL
SMCI.O,SMCI,2025-10-31,51.96,3.1566,43.9056,0.5103,0.9816,-0.4714,0.3778,0.1949,50.37,52.5,60.71,18.01,SELL9,0,3,RSI_neutral MACD_bearish inside_bands near_resistance TD_recent_sell9 TD_sell_perfected,-6,bearish,-1,"The momentum is bearish with the RSI at 43.91 and a MACD histogram indicating downward pressure. The price is near resistance at 52.5 and below the Bollinger midline, while the TD indicator shows a recent sell signal, suggesting potential weakness.",-7,SELL
TSLA.O,TSLA,2025-10-31,456.56,3.7401,57.5379,10.8441,11.6753,-0.8312,0.8294,0.1052,440.1,459.46,479.86,221.86,SELL9,0,5,RSI_neutral MACD_bearish inside_bands near_resistance TD_recent_sell9 TD_sell_perfected TD_sell_count_5,-6,bearish,-1,"The momentum is bearish with the MACD histogram negative and a recent TD sell signal. The price is near resistance at 459.46, while the RSI indicates neutral momentum. Support is at 440.1, and the price is trading within Bollinger Bands.",-7,SELL
NEM,NEM,2025-10-31,80.97,-1.628,41.0224,-0.5357,0.9843,-1.5199,0.2126,0.2378,79.25,82.31,98.27,37.0,SELL9,0,1,RSI_neutral MACD_bearish inside_bands near_resistance TD_recent_sell9 TD_sell_perfected,-6,bearish,-2,"NEM shows bearish momentum with an RSI of 41.02 and a MACD below its signal line, indicating downward pressure. The price is near support at 79.25 and resistance at 82.31, while Bollinger Bands suggest the price is inside the bands with low bandwidth. The TD indicator has recently signaled a sell.",-8,SELL
